word,count
the,6829
and,5266
of,3515
to,3515
a,1979
i,1909
he,1877
in,1862
you,1846
for,1357
his,1342
as,1284
that,1276
it,1240
with,1199
him,1070
was,1063
they,961
is,939
me,913
on,908
had,889
”,878
have,872
all,860
but,849
my,816
them,787
not,768
will,727
so,697
her,672
when,639
your,635
from,629
this,628
she,626
who,619
are,592
ulysses,587
at,585
one,560
be,548
then,543
by,539
we,523
were,519
their,493
said,483
or,442
which,412
house,411
about,407
there,406
no,383
would,381
do,379
out,362
up,331
has,330
men,323
man,319
been,319
us,310
went,301
if,291
now,290
into,286
own,284
come,281
some,279
did,274
go,272
what,272
upon,268
son,268
tell,261
see,255
can,254
may,250
here,249
telemachus,247
suitors,244
over,240
home,238
should,236
any,233
an,232
made,220
ship,219
could,218
shall,214
down,214
came,211
sea,209
other,206
our,206
good,205
much,204
back,202
am,200
let,200
take,199
where,197
off,196
father,196
took,191
great,185
while,185
gods,183
way,180
’,180
got,179
people,178
make,178
still,174
very,169
like,168
more,164
again,163
jove,163
heaven,162
how,162
before,161
also,160
after,160
set,159
till,158
these,156
nor,155
such,154
answered,154
long,152
two,150
minerva,149
get,148
old,148
both,146
among,145
round,144
hands,144
away,141
even,141
day,140
know,138
though,138
give,136
many,135
than,132
never,130
saw,129
therefore,128
left,126
time,126
put,126
once,126
well,123
first,123
must,122
might,119
another,118
against,118
told,117
wine,116
every,116
water,115
only,115
thus,114
say,113
without,113
brought,112
country,110
through,109
penelope,108
ithaca,107
yet,107
himself,106
gave,104
soon,103
going,103
end,101
heard,101
hand,99
land,96
drink,96
place,96
god,95
find,95
however,95
too,95
“i,94
return,93
whether,93
side,92
nothing,91
those,91
spoke,89
others,89
far,89
wife,88
myself,87
town,86
head,86
mother,86
bed,85
island,85
began,85
mind,84
saying,84
being,84
daughter,83
best,83
each,82
sent,82
room,82
under,82
most,81
cannot,81
done,80
killed,80
young,80
near,80
ever,79
having,79
ground,77
dead,77
whole,77
gone,77
better,77
wind,76
matter,76
night,76
sleep,76
king,75
full,74
heart,74
yourself,74
whom,74
women,73
things,73
think,73
sun,73
city,73
keep,72
ships,72
just,72
eumaeus,72
given,71
woman,71
want,70
hold,70
book,70
bring,69
stranger,69
troy,69
fell,69
death,67
sheep,67
reached,67
enough,67
found,66
laid,65
lay,65
leave,64
eyes,64
right,64
servants,64
speak,64
bow,63
either,63
alcinous,62
same,62
sat,61
achaeans,61
work,61
send,61
name,60
themselves,60
sons,60
greek,59
live,59
eat,59
fire,59
seat,59
morning,59
feet,58
friends,58
husband,58
menelaus,58
court,58
poor,58
look,57
neptune,57
towards,57
swineherd,57
dear,56
else,56
phaeacians,55
whereon,55
looking,55
always,55
stood,55
fair,55
inside,55
stay,54
close,54
board,53
gold,53
indeed,53
goddess,53
kind,52
words,52
ask,52
together,52
“my,52
called,52
servant,51
fast,51
days,51
rest,51
taken,51
kept,50
maids,50
antinous,50
writer,50
last,49
seen,49
its,49
does,48
threw,48
kill,48
making,47
presently,47
neither,47
something,47
child,47
hear,47
everything,47
twelve,46
quite,46
pylos,46
face,46
replied,46
behind,45
used,45
between,45
dinner,45
blood,45
laertes,44
comes,44
getting,44
clothes,44
presents,44
whose,44
cave,44
cloak,44
thought,44
fine,43
drew,43
“the,43
present,43
life,43
because,43
help,43
spear,43
coming,43
meat,43
crew,43
door,43
world,42
turn,42
hard,42
three,42
ill,42
bread,42
cloister,42
line,42
within,42
shore,42
anything,41
lying,41
further,41
longer,41
“you,41
cut,41
strong,40
story,40
show,40
knew,40
euryclea,40
friend,40
held,39
angry,39
already,39
along,39
high,39
lost,39
trouble,39
top,39
alone,39
sword,38
alive,38
wish,38
“odyssey”,38
moment,38
fellow,38
master,38
sail,38
sit,38
bad,38
care,37
outer,37
hope,36
voyage,36
thing,36
nestor,36
doing,36
light,36
raised,36
ready,36
why,36
little,36
herself,36
part,36
goats,36
nevertheless,36
silver,35
word,35
supper,35
body,35
talk,35
reach,35
ulysses’,35
able,35
true,34
cattle,34
calypso,34
brave,34
moreover,34
horses,34
lie,34
immortal,33
pigs,33
father’s,33
armour,33
covered,33
excellent,33
shirt,33
wash,33
stand,33
carried,33
circe,33
eating,32
agamemnon,32
years,32
bound,32
“and,32
tears,32
fear,32
filled,32
rock,32
outside,32
straight,31
earth,31
means,31
year,31
marry,31
point,31
authoress,31
dawn,31
sure,31
person,31
surely,31
meanwhile,31
noble,31
caught,31
wicked,31
large,31
hades,30
suppose,30
bronze,30
places,30
taking,30
itself,30
front,30
clean,29
fighting,29
children,29
thick,29
cried,29
sorrow,29
try,29
golden,29
evil,29
foot,29
dark,29
course,29
looked,29
wept,28
chief,28
since,28
man’s,28
fight,28
twenty,28
waves,28
sitting,28
turned,28
property,28
led,28
mercury,28
river,28
wanted,28
glad,28
harbour,28
weeping,28
table,27
aegisthus,27
none,27
killing,27
gathered,27
bearing,27
apollo,27
piece,27
due,27
open,27
mean,27
store,27
rocks,27
appeared,27
winds,27
above,26
makes,26
beautiful,26
shoulders,26
flew,26
arms,26
rather,26
call,26
sacrifice,26
asked,26
estate,26
offerings,26
translation,26
washed,26
string,26
lines,25
guest,25
giving,25
leaving,25
trying,25
happened,25
spite,25
pisistratus,25
escape,25
hide,25
mountain,25
seeing,25
truth,25
jove’s,24
wood,24
mischief,24
die,24
melanthius,24
single,24
“then,24
seats,24
struck,24
four,24
assembly,24
news,24
pieces,24
helen,24
bard,24
middle,24
strength,24
sailed,24
eurymachus,24
talking,24
ghost,24
ghosts,24
sir,24
nine,23
prayed,23
followed,23
age,23
spears,23
seem,23
passage,23
listen,23
“il,23
doors,23
case,23
drove,23
offering,23
knees,23
draw,23
sing,23
deep,23
run,23
bear,23
cup,23
mast,23
iron,23
lives,23
west,23
stone,22
number,22
question,22
queen,22
wall,22
“when,22
during,22
bones,22
drive,22
born,22
answer,22
grant,22
note,22
bade,22
times,22
half,22
“iliad”,22
save,22
poured,22
comrades,22
raft,22
built,21
stayed,21
“stranger,21
throw,21
absence,21
met,21
sound,21
blessed,21
break,21
peace,21
bore,21
wait,21
sweet,21
scylla,21
carry,21
hit,21
argives,21
oxen,21
rose,21
harm,21
offered,21
fingered,21
pray,21
arrow,21
rosy,21
manner,21
fat,21
beside,21
suffered,21
cloisters,20
hardly,20
sails,20
lies,20
argos,20
throughout,20
passed,20
whatever,20
rich,20
sight,20
meal,20
singing,20
mixing,20
“telemachus,20
married,20
fit,20
darkness,20
plain,20
fetch,20
clear,20
beginning,19
fly,19
offer,19
thinking,19
“what,19
seems,19
crying,19
“if,19
marriage,19
barley,19
deal,19
public,19
safe,19
mouth,19
bowl,19
become,19
hung,19
returned,19
voice,18
fallen,18
waiting,18
distress,18
nurse,18
hair,18
account,18
shed,18
questions,18
atreus,18
perished,18
oil,18
believe,18
goes,18
handed,18
regards,18
living,18
mortal,18
force,18
family,18
safely,18
ran,18
destruction,18
cf,18
dogs,18
neck,18
really,18
upstairs,18
need,18
revenge,18
beauty,18
chariot,18
mighty,18
understand,18
probably,18
odyssean,18
cyclopes,18
honour,18
inner,18
trojans,18
visit,18
cunning,18
afraid,18
maid,18
feast,17
likely,17
black,17
second,17
“father,17
oars,17
ten,17
remember,17
islands,17
heavy,17
whereas,17
guests,17
escort,17
until,17
mixed,17
eaten,17
truly,17
lived,17
bringing,17
“thus,17
love,17
form,17
nausicaa,17
ship’s,17
bitterly,17
ought,17
cruel,17
poem,17
vulcan,17
pay,16
third,16
leaves,16
banquet,16
mars,16
tried,16
pleasure,16
unhappy,16
standing,16
converse,16
mankind,16
speaking,16
pleased,16
mistress,16
fill,16
exclaimed,16
forward,16
girl,16
main,16
paying,16
teiresias,16
north,16
cry,16
placed,16
rags,16
free,16
disposed,16
mentor,16
beyond,16
sprang,16
broke,16
hearts,16
sorry,16
strangers,16
certain,16
trees,16
threshold,16
arrows,16
use,16
wrong,16
drunk,16
upper,15
o,15
oath,15
respect,15
running,15
wild,15
cloaks,15
meats,15
“we,15
olive,15
lord,15
“do,15
understanding,15
war,15
venus,15
past,15
praying,15
immediately,15
often,15
washing,15
charybdis,15
bk,15
reader,15
worse,15
“it,15
oceanus,15
six,15
wise,15
vessel,15
heifer,15
skin,15
thigh,15
prayer,15
groaning,15
foreign,15
parents,15
counsel,15
except,15
south,15
eye,15
waters,15
tramp,15
begging,15
meant,14
presence,14
plan,14
wave,14
grown,14
fate,14
rate,14
grief,14
hut,14
known,14
boar,14
sorrows,14
knows,14
gives,14
shoot,14
eurynome,14
achilles,14
insolence,14
fleet,14
white,14
minds,14
begin,14
elsewhere,14
field,14
diana,14
sacked,14
philoetius,14
nymphs,14
flocks,14
“but,14
yard,14
fond,14
embrace,14
doubt,14
sign,14
fact,14
bid,14
slept,14
became,14
says,14
blow,14
post,14
shoulder,14
kissed,13
pass,13
horse,13
cross,13
arete,13
received,13
autolycus,13
stream,13
valiant,13
lyre,13
money,13
sandals,13
pity,13
hospitality,13
cyclops,13
handle,13
thence,13
minded,13
immortals,13
fall,13
wear,13
beat,13
stockman,13
daughters,13
books,13
grew,13
heads,13
treated,13
irus,13
dream,13
spoken,13
posts,13
chest,13
instead,13
lest,13
possible,13
forced,13
sense,13
grow,13
dolius,13
trapani,13
forget,13
coast,13
demodocus,13
kinds,13
double,13
sicily,13
beach,13
roof,13
e,13
desire,13
mine,13
hidden,13
plenty,13
lose,13
etc,13
“as,13
“sir,13
bath,13
beggar,13
unless,13
road,13
eurylochus,13
feasting,13
tree,13
hither,13
smoke,13
battle,12
air,12
crete,12
mt,12
tale,12
insolent,12
olympus,12
heed,12
sad,12
sirens,12
odyssey”,12
luck,12
ourselves,12
tables,12
waggon,12
lacedaemon,12
wives,12
vi,12
choose,12
foremost,12
later,12
mules,12
speech,12
learn,12
pair,12
happen,12
grieve,12
salt,12
evidently,12
low,12
cold,12
abundance,12
reason,12
welcome,12
neleus,12
wedding,12
next,12
huge,12
stronger,12
asleep,12
abode,12
“now,12
wealth,12
picked,12
perhaps,12
creature,12
paid,12
please,12
race,12
journey,12
ways,12
dressed,12
floor,12
driving,12
“on,12
yards,12
charge,12
keeping,12
escaped,12
warm,12
hero,12
beg,12
deemed,12
spread,12
benches,12
early,12
“that,12
grey,12
drinking,12
drawn,11
terrible,11
birds,11
written,11
difficulty,11
hardship,11
completed,11
remain,11
furious,11
treasure,11
brother,11
particularly,11
xiii,11
consider,11
odyssey,11
thrown,11
carrying,11
council,11
ii,11
shouted,11
belly,11
iv,11
small,11
medon,11
master’s,11
thereon,11
staff,11
driven,11
theoclymenus,11
stop,11
staid,11
egypt,11
forth,11
deed,11
ears,11
linen,11
courage,11
mainland,11
shield,11
business,11
“ulysses,11
gates,11
exactly,11
polybus,11
east,11
meet,11
worked,11
lion,11
following,11
noise,11
gate,11
lovely,11
expect,11
prayers,11
anointed,11
‘ulysses,11
food,11
short,11
plot,11
labour,11
heroes,11
setting,11
fed,11
treat,11
orders,11
companions,11
closed,11
changed,11
saved,11
bowls,11
soft,11
borne,11
hecatombs,11
row,11
loaded,10
danaans,10
telemachus’s,10
seemed,10
beneath,10
“hear,10
stones,10
morrow,10
misfortunes,10
achaean,10
icarius,10
“od,10
fury,10
cover,10
hurried,10
heavens,10
around,10
dulichium,10
died,10
cups,10
endowed,10
footstool,10
hearth,10
rule,10
clouds,10
finished,10
savage,10
turning,10
wand,10
sang,10
ate,10
doorway,10
laughing,10
human,10
cooked,10
loosed,10
circe’s,10
deeds,10
perish,10
ox,10
lands,10
orestes,10
five,10
proserpine,10
dropped,10
feed,10
holding,10
axes,10
according,10
drank,10
sheer,10
“this,10
lit,10
corn,10
famous,10
gatehouse,10
opposite,10
tall,10
besides,10
hospitably,10
aeolus,10
speed,10
seas,10
heavily,10
fancy,10
share,10
flesh,10
pp,10
furthermore,10
worn,10
station,10
attend,10
easily,10
spare,10
seals,10
anger,10
dust,10
iliadic,10
text,10
different,10
monster,10
fountain,10
wherever,10
reasonable,10
sending,10
ashamed,10
folly,10
p,10
mountains,10
asking,10
trial,10
seven,10
phaeacian,10
shown,10
ocean,10
couch,10
forest,10
growing,10
scar,10
new,10
spits,10
women’s,10
sailors,10
waited,10
wallet,9
quick,9
amphinomus,9
substance,9
mercy,9
hearing,9
hence,9
alike,9
wooded,9
song,9
frightened,9
wretch,9
prophet,9
happy,9
scheria,9
tear,9
older,9
gifts,9
torches,9
proper,9
enjoy,9
treating,9
dwell,9
usual,9
sometimes,9
xv,9
letting,9
scheme,9
company,9
v,9
beautifully,9
cause,9
ere,9
ram,9
wandering,9
dry,9
less,9
favour,9
megapenthes,9
suppliant,9
shirts,9
divine,9
distant,9
generally,9
helmet,9
peleus,9
couple,9
months,9
waste,9
portion,9
cows,9
quarter,9
homeward,9
younger,9
easy,9
silence,9
change,9
eagle,9
raiment,9
“there,9
miserable,9
putting,9
aloud,9
wooing,9
“may,9
breeding,9
‘my,9
quarrel,9
suffering,9
displeased,9
dress,9
delighted,9
gale,9
looks,9
travelled,9
turns,9
brothers,9
phemius,9
daybreak,9
‘i,9
finding,9
bottom,9
prevent,9
contest,9
dancing,9
councillors,9
takes,9
rage,9
few,9
served,9
flying,9
troubles,9
farm,9
showed,9
working,9
burnt,9
‘you,9
throwing,9
“so,9
meantime,9
respected,9
sparta,9
eight,9
greatly,9
broken,9
shut,9
fifty,9
goodly,8
skill,8
admired,8
follow,8
houses,8
inward,8
burning,8
cloud,8
suppliants,8
mortals,8
message,8
dare,8
bethought,8
disgrace,8
muse,8
narrow,8
feared,8
wore,8
avenge,8
nymph,8
mother’s,8
entrance,8
remained,8
lashed,8
win,8
ends,8
complain,8
joy,8
returning,8
“antinous,8
apart,8
fresh,8
saturn,8
loom,8
voices,8
“take,8
idea,8
idomeneus,8
shields,8
veil,8
quantity,8
quiet,8
shelter,8
prove,8
danger,8
hanging,8
divided,8
xii,8
taller,8
order,8
grapes,8
edition,8
chance,8
original,8
dance,8
wheat,8
meeting,8
satisfied,8
rites,8
honoured,8
basket,8
memory,8
loss,8
added,8
kindly,8
attention,8
herds,8
woke,8
lotus,8
sort,8
host,8
yoke,8
figure,8
“old,8
purpose,8
smote,8
grieving,8
polyphemus,8
chiefs,8
summer,8
laodamas,8
skilled,8
staying,8
swear,8
losing,8
dozen,8
doubted,8
seized,8
landed,8
hate,8
wanting,8
crossed,8
sailing,8
laughed,8
persuade,8
drop,8
sky,8
provisions,8
yours,8
lot,8
entered,8
catch,8
mark,8
madam,8
telling,8
green,8
cheeks,8
common,8
milked,8
page,8
ones,8
somewhere,8
hid,8
“good,8
stretched,8
rising,8
tongue,8
service,8
cease,8
cooking,8
ashes,8
ewes,8
milk,8
piteously,8
hercules,8
brackets,8
sleeping,8
thither,8
breath,8
lambs,8
suspect,8
girded,8
press,8
nearly,8
late,8
wants,8
heat,8
blue,8
yonder,8
fish,8
hole,8
agelaus,8
prize,8
cicons,8
evening,8
agreed,8
hawsers,8
yield,8
stern,8
sorts,7
sufficient,7
plotting,7
rugs,7
joined,7
lair,7
goods,7
level,7
astonished,7
managed,7
mourned,7
unable,7
serious,7
omen,7
ruin,7
mix,7
happiness,7
cook,7
finest,7
fool,7
solemn,7
fleece,7
heart’s,7
busy,7
month,7
power,7
eryx,7
“go,7
sees,7
weep,7
haste,7
manage,7
whoever,7
steeds,7
soil,7
promised,7
assented,7
quickly,7
midst,7
suffer,7
people’s,7
directly,7
enemies,7
finish,7
ajax,7
moon,7
hearted,7
suggests,7
twisted,7
palace,7
ivory,7
everlasting,7
marvelled,7
mantle,7
dreadful,7
protect,7
murder,7
law,7
aegis,7
loved,7
fragrant,7
prepare,7
bent,7
prowess,7
spring,7
axe,7
pure,7
grace,7
lifted,7
heaven’s,7
burned,7
perfectly,7
swore,7
plainly,7
sudden,7
handsome,7
slumber,7
pain,7
chose,7
rain,7
“to,7
protection,7
cities,7
oar,7
“for,7
feasted,7
sacrificed,7
bitter,7
ewer,7
rise,7
especially,7
prophecy,7
rejoiced,7
“alas,7
dismay,7
passages,7
settled,7
fail,7
“iliad,7
marked,7
urge,7
map,7
reasonably,7
wet,7
neighbour,7
gladly,7
accomplished,7
garden,7
works,7
fetched,7
enclosed,7
mr,7
attack,7
syracuse,7
approved,7
hot,7
paunch,7
compare,7
quit,7
blew,7
grows,7
blame,7
necessary,7
prizes,7
nights,7
afterwards,7
magnificent,7
longing,7
mid,7
join,7
consult,7
chains,7
“madam,7
swim,7
dying,7
cast,7
pavement,7
rudder,7
tore,7
whence,7
ix,7
parts,7
tenth,7
tired,7
ogygian,7
gateway,7
wide,7
oak,7
begins,7
settle,7
bird,7
felt,7
piraeus,7
counsels,7
livelong,7
keel,7
“odyssey,7
“let,7
thrice,7
taste,7
disguised,7
breast,7
funeral,7
xxiv,7
“eumaeus,7
intended,7
pretty,7
plant,7
kings,7
loose,7
altar,7
xi,7
bind,7
leading,7
‘we,7
beam,7
xvii,7
firewood,7
sufficiently,7
parnassus,7
ago,6
runs,6
ashore,6
fourth,6
continually,6
persist,6
“aldermen,6
smiled,6
meadow,6
trench,6
vouchsafe,6
theban,6
fig,6
start,6
whenever,6
male,6
entertained,6
hereafter,6
thoroughly,6
appearance,6
186,6
fault,6
gear,6
recognised,6
hyperion,6
ear,6
yourselves,6
everybody,6
grove,6
flung,6
needlework,6
judgement,6
pall,6
juno,6
birth,6
neighbours,6
walls,6
guard,6
highest,6
aside,6
tripod,6
wool,6
quiver,6
satisfaction,6
deceive,6
limb,6
“nurse,6
conversation,6
numbers,6
brains,6
“in,6
“he,6
sake,6
begged,6
certainly,6
fought,6
feeding,6
boy,6
amongst,6
tells,6
dragged,6
snatched,6
bravest,6
trust,6
hurt,6
adventures,6
started,6
virtue,6
worth,6
jars,6
length,6
burden,6
archer,6
stick,6
continue,6
“‘you,6
checked,6
cauldron,6
amber,6
senses,6
rushed,6
splendid,6
ambrosia,6
pig,6
wickedness,6
ambuscade,6
egyptians,6
robbed,6
sports,6
earlier,6
crowd,6
fishes,6
camped,6
antiphates,6
euryalus,6
flock,6
rowing,6
fierce,6
shame,6
pick,6
seer,6
smell,6
signs,6
youth,6
conduct,6
task,6
aeaean,6
eupeithes,6
lead,6
distance,6
beggars,6
lately,6
hunting,6
facing,6
woollen,6
broad,6
torn,6
imagine,6
wits,6
“listen,6
goat,6
lips,6
won,6
knowing,6
bit,6
horns,6
feel,6
comely,6
wrought,6
scolded,6
holes,6
touched,6
actually,6
smooth,6
support,6
build,6
thankful,6
deck,6
fitted,6
omens,6
respectable,6
swam,6
reaches,6
hurricane,6
1,6
victims,6
storm,6
described,6
meaning,6
loud,6
sensible,6
doomed,6
touch,6
mentioned,6
opened,6
comfortable,6
real,6
heap,6
beds,6
vineyard,6
2,6
sacrificing,6
“why,6
travel,6
pressed,6
sacrifices,6
dealt,6
points,6
hounds,6
otherwise,6
seated,6
rejoicing,6
patroclus,6
refuse,6
men’s,6
possibly,6
basin,6
priam,6
dog,6
strung,6
quietly,6
sharp,6
sucking,6
inlaid,6
brooding,6
tomorrow,6
forthwith,6
precious,6
venture,6
ball,6
moved,6
rough,6
rebuked,6
amid,6
redoubtable,6
bury,6
toil,6
antilochus,6
bodies,6
dirty,6
purple,6
iii,6
preface,6
charmed,6
shooting,6
surrounded,6
proud,6
spoil,5
amphimedon,5
helped,5
prose,5
“‘my,5
impossible,5
vultures,5
direction,5
ease,5
advantage,5
drawing,5
season,5
add,5
“meanwhile,5
insulted,5
mad,5
lang,5
aimed,5
across,5
inland,5
expecting,5
athens,5
duty,5
references,5
xxiii,5
maidens,5
herb,5
drugged,5
wrecked,5
shabby,5
excuse,5
stationed,5
followers,5
borrowing,5
remembered,5
“your,5
heaped,5
“sit,5
kids,5
anxious,5
shift,5
equitably,5
armed,5
captain,5
weight,5
noman,5
thebes,5
barren,5
openly,5
weather,5
merely,5
“here,5
recognise,5
drug,5
reigned,5
somebody,5
counselled,5
pointed,5
roasted,5
upwards,5
odysseus,5
allowed,5
geese,5
whirlpool,5
thrinacian,5
beseech,5
horn,5
pale,5
dreams,5
fled,5
carefully,5
wherein,5
hermione,5
suggested,5
play,5
“some,5
weary,5
soul,5
ended,5
stratagem,5
“menelaus,5
bull,5
securely,5
portions,5
several,5
valour,5
thighs,5
raw,5
admirable,5
fastened,5
proofs,5
woman’s,5
hateful,5
heartily,5
rafters,5
minos,5
“son,5
strike,5
yoked,5
uproar,5
“after,5
hanged,5
explain,5
illustrations,5
buried,5
least,5
misery,5
creatures,5
slave,5
143,5
root,5
doom,5
keen,5
141,5
cyprus,5
honey,5
libya,5
wolves,5
‘and,5
straits,5
sell,5
thesprotians,5
deadly,5
effect,5
secret,5
fully,5
iphitus,5
blankets,5
onward,5
watches,5
swords,5
puzzled,5
courtyard,5
afflictions,5
ethiopians,5
promise,5
hundred,5
blade,5
bred,5
hecatomb,5
unseemly,5
bulls,5
explained,5
merry,5
wailing,5
limbs,5
liked,5
masters,5
goatherd,5
tramps,5
doubtless,5
aloft,5
obey,5
blind,5
reaching,5
renown,5
pride,5
disc,5
brine,5
utmost,5
plough,5
δ’,5
vision,5
behaving,5
inspired,5
leather,5
infinite,5
native,5
flower,5
stands,5
prevented,5
becomes,5
prisoner,5
violence,5
horizon,5
future,5
disposition,5
“come,5
matters,5
fortune,5
exceedingly,5
roused,5
fellows,5
s,5
blank,5
butler,5
zacynthus,5
fare,5
possessions,5
sits,5
nausithous,5
almost,5
space,5
tossed,5
stuck,5
cost,5
powerful,5
pear,5
nation,5
alas,5
glory,5
gets,5
serve,5
fruit,5
approach,5
failed,5
precincts,5
prosper,5
excel,5
sick,5
resolved,5
applauded,5
mist,5
unfortunate,5
fathers,5
attempt,5
wishes,5
web,5
neritum,5
rejoice,5
halitherses,5
peg,5
fiercely,5
nostrils,5
art,5
watching,5
anywhere,5
decorated,5
taught,5
inasmuch,5
grass,5
playing,5
lamenting,5
lawful,5
proof,5
barrow,5
outright,5
elis,5
stout,5
shod,5
anoint,5
79,5
137,5
“she,5
badly,5
red,5
roughly,5
supporting,5
check,5
courts,5
distaff,5
attended,5
wondering,5
corpses,5
handmaids,5
thunderbolts,5
yesterday,5
king’s,5
187,5
likeness,5
missing,5
notice,5
opinion,5
masts,5
“eurymachus,5
larger,5
advice,5
156,5
thunder,5
keeps,5
dancers,5
witness,5
hellas,5
trap,5
wreck,5
provide,5
observe,5
sport,5
foolish,5
sturdy,5
countries,5
“king,5
ruled,5
plate,5
lastly,5
wake,5
breaking,5
firm,5
henceforward,5
thinks,5
rays,4
covering,4
beast,4
boars,4
hound,4
lid,4
victory,4
overcome,4
eyelids,4
mares,4
position,4
extreme,4
festivities,4
housekeeper,4
greater,4
invite,4
teeth,4
sand,4
courting,4
mule,4
bedroom,4
drifted,4
sceptre,4
wanderers,4
cupbearer,4
wax,4
determined,4
“by,4
whip,4
dinners,4
panic,4
samos,4
rugged,4
agony,4
eleven,4
sharpened,4
wasting,4
eager,4
fray,4
beard,4
fixed,4
pitied,4
talons,4
blowing,4
protected,4
risen,4
ὄ,4
surprised,4
compassion,4
although,4
dismayed,4
hurry,4
grieved,4
bargain,4
comrade,4
chamber,4
spray,4
bidden,4
corner,4
orion,4
pleases,4
ortygia,4
favognana,4
lightning,4
kills,4
guide,4
expected,4
girdle,4
fertile,4
messenger,4
clad,4
advise,4
hill,4
sank,4
calm,4
prey,4
beheld,4
shows,4
harbours,4
holy,4
dine,4
headlands,4
tops,4
landing,4
tattered,4
succeed,4
haven,4
treasures,4
fulfilled,4
penelope’s,4
enemy,4
wagged,4
permit,4
peoples,4
vain,4
sweetly,4
raising,4
terrific,4
thong,4
plight,4
pheidon,4
thesprotian,4
phoenician,4
alarm,4
arceisius,4
happens,4
shepherds,4
stroke,4
heifer’s,4
sorrowing,4
deer,4
disgraceful,4
allusion,4
finer,4
“a,4
anyone,4
upright,4
goddesses,4
hurled,4
one’s,4
starving,4
aim,4
box,4
eurytus,4
propriety,4
‘as,4
‘be,4
talents,4
harder,4
comfort,4
weak,4
imposing,4
inhabitants,4
surpass,4
site,4
stag,4
cable,4
thousands,4
dived,4
named,4
reconnoitre,4
shepherd,4
stately,4
seventh,4
sadly,4
prodigious,4
enter,4
sack,4
showing,4
intending,4
names,4
lions,4
vessels,4
horrid,4
boon,4
pork,4
shepherding,4
appears,4
“how,4
humour,4
assumed,4
brawny,4
defence,4
wooden,4
“all,4
eaters,4
argive,4
unharmed,4
“thence,4
inclined,4
priest,4
lean,4
coverlets,4
regard,4
self,4
dishonouring,4
167,4
laughter,4
bond,4
wasted,4
ending,4
bonds,4
“wife,4
entertain,4
fearing,4
cavern,4
torch,4
domed,4
amiss,4
load,4
mouths,4
cheese,4
helmets,4
eteoneus,4
state,4
mocking,4
echoing,4
remains,4
fame,4
dwells,4
prepared,4
watch,4
chariots,4
poplars,4
uncle,4
chosen,4
steadily,4
rude,4
drowned,4
misadventure,4
feeble,4
appear,4
snow,4
language,4
hospitable,4
bears,4
presume,4
wonder,4
uncivilised,4
tasted,4
say—and,4
allow,4
fields,4
mount,4
raise,4
youngest,4
humane,4
rivers,4
flat,4
homestead,4
begrimed,4
yellow,4
backwards,4
leaning,4
“‘when,4
friendly,4
goblet,4
besought,4
suspected,4
admiration,4
charm,4
‘sir,4
citizens,4
styes,4
intolerable,4
cephallenians,4
dug,4
moored,4
“they,4
valued,4
fawn,4
ctesippus,4
terribly,4
clothing,4
prime,4
decreed,4
minerva’s,4
colour,4
surprise,4
splendour,4
“queen,4
reign,4
dread,4
content,4
roast,4
stool,4
listened,4
comfortably,4
favourite,4
helping,4
greatness,4
hatched,4
vine,4
illustration,4
natural,4
music,4
opening,4
conducted,4
richly,4
entirely,4
traders,4
path,4
port,4
3,4
baskets,4
voyages,4
writer’s,4
issue,4
sufferings,4
stowed,4
lady,4
difficulties,4
shewed,4
caves,4
hers,4
courses,4
act,4
ordained,4
considerable,4
wilderness,4
cutting,4
28,4
nursed,4
folded,4
likes,4
carries,4
dispersed,4
shortly,4
camp,4
blinded,4
grasped,4
115,4
wrote,4
antiphus,4
“mentor,4
continued,4
victuals,4
80,4
taphians,4
telemachus’,4
hides,4
pages,4
traveller,4
thou,4
melancholy,4
amphitrite,4
readers,4
grinding,4
suddenly,4
surf,4
principal,4
pretext,4
havoc,4
bows,4
affliction,4
fondly,4
atlas,4
plank,4
rests,4
quest,4
wished,4
direct,4
abounds,4
steps,4
foul,4
hearers,4
existence,4
trojan,4
thee,4
murderer,4
holds,4
noemon,4
sundown,4
solemnly,4
firmament,4
sends,4
legs,4
whither,4
thrasymedes,4
sands,4
brings,4
willing,4
buildings,4
olympian,4
somewhat,4
visitors,4
divide,4
italian,4
talked,4
faring,4
wedded,4
rejoinder,4
another’s,4
referred,4
depart,4
rare,4
son’s,4
closely,4
embers,4
fated,4
ranged,4
desired,4
asks,4
warn,4
vengeance,4
butcher,4
appendix,4
false,4
reckoning,4
viii,4
x,4
nations,4
smaller,4
size,4
originally,4
xviii,4
headed,4
encouraging,4
sacred,4
25,4
headland,4
dashed,4
faithful,4
messrs,4
xix,4
120,4
twentieth,4
initial,4
honesty,4
considered,4
english,4
departed,4
strict,4
read,4
endurance,4
generations,4
offence,4
punish,4
“no,4
insist,4
street,4
sum,4
abroad,4
careful,4
fooled,4
agamemnon’s,4
needs,4
wrath,4
xxii,4
ruined,4
mere,4
xx,4
spirit,4
crews,4
enjoying,4
useful,4
addressed,4
eyed,3
husband’s,3
woe,3
command,3
returns,3
distressed,3
possession,3
damastor,3
“have,3
aiming,3
strange,3
hoping,3
walked,3
rope,3
suggest,3
wound,3
seizing,3
rue,3
gently,3
kin,3
henceforth,3
passing,3
relieved,3
clever,3
mycene,3
‘if,3
choice,3
warned,3
gain,3
squealing,3
daily,3
disaster,3
woo,3
finds,3
avenged,3
mess,3
hath,3
fishing,3
duties,3
spot,3
luscious,3
laestrygonian,3
‘in,3
liberty,3
‘how,3
counted,3
wings,3
sickness,3
glaring,3
spent,3
despair,3
fortunate,3
phantom,3
wondered,3
bedding,3
tightly,3
pits,3
knowledge,3
keepsake,3
skins,3
coined,3
roaring,3
flayed,3
83,3
continual,3
readily,3
guile,3
awoke,3
girt,3
bliss,3
nectar,3
laestrygonians,3
pandareus,3
recover,3
jealous,3
personal,3
undone,3
pains,3
fallow,3
nature,3
supported,3
astride,3
staircase,3
ills,3
wheeled,3
lamented,3
awake,3
breakfast,3
boldness,3
addition,3
trick,3
wandered,3
fling,3
aft,3
quality,3
darling,3
1898,3
hussies,3
awful,3
invited,3
played,3
erebus,3
starting,3
elpenor,3
—,3
tambour,3
wife’s,3
aged,3
frame,3
enormous,3
everywhere,3
gathering,3
helmsman,3
belonging,3
sprinkled,3
gibing,3
grounds,3
burst,3
grave,3
special,3
burn,3
ours,3
performed,3
strap,3
bolt,3
pulled,3
declare,3
threatened,3
interpretation,3
oldest,3
grudge,3
speechless,3
restrain,3
aeolian,3
spilt,3
wait—for,3
foes,3
farms,3
token,3
bristles,3
winnowing,3
worst,3
longest,3
explains,3
idle,3
vanished,3
“men,3
thundered,3
“daughter,3
astounded,3
rocky,3
‘circe,3
bold,3
clasped,3
vainly,3
lifting,3
raid,3
troubled,3
sore,3
stitches,3
refrain,3
rob,3
sorely,3
pisenor,3
ilius,3
zeus,3
unrecorded—till,3
pins,3
thongs,3
suppers,3
bullock’s,3
moons,3
waning,3
devouring,3
sister,3
rang,3
malea,3
hovered,3
receive,3
plausible,3
unpick,3
lighted,3
καὶ,3
leiodes,3
1900,3
sulphur,3
undertake,3
“first,3
damages,3
clasp,3
lame,3
correct,3
consequence,3
stir,3
lemnos,3
hang,3
magician,3
unloose,3
behold,3
admire,3
wisest,3
wrap,3
dining,3
“see,3
capitals,3
compete,3
sheltered,3
accept,3
arrangement,3
remarks,3
flow,3
workman,3
africa,3
loving,3
phorcys,3
fortress,3
throws,3
reading,3
bks,3
instructions,3
laying,3
sponges,3
spinning,3
raging,3
aldermen,3
stopped,3
ravaged,3
big,3
dirt,3
singular,3
anointing,3
salute,3
italy,3
mentes,3
bless,3
“farewell,3
wakes,3
72,3
leto,3
exquisite,3
miss,3
missed,3
studied,3
gather,3
episode,3
“hush,3
suspicious,3
scold,3
proved,3
husbands,3
measure,3
153,3
watered,3
kindness,3
hook,3
contrive,3
wearing,3
bondsmen,3
propose,3
assistance,3
empty,3
wayfarer,3
hitherto,3
practice,3
pontonous,3
protector,3
robertson,3
speaker,3
echeneus,3
thanks,3
delicious,3
sicel,3
flowers,3
forbid,3
giants,3
descend,3
challenge,3
ceasing,3
reviled,3
authoress”,3
detained,3
source,3
temple,3
jumping,3
184,3
cables,3
folk,3
races,3
using,3
athletic,3
owing,3
proceed,3
noticed,3
lays,3
uncovered,3
view,3
affect,3
editions,3
apeira,3
dearly,3
57,3
remarkable,3
striking,3
gasping,3
perceived,3
impatient,3
furiously,3
nearest,3
gr,3
strode,3
“is,3
changing,3
boiling,3
wheel,3
blows,3
simply,3
trace,3
spirited,3
liquor,3
overboard,3
heir,3
mound,3
ivy,3
willed,3
streams,3
displeasure,3
climbed,3
autumn,3
lots,3
misconducted,3
ino,3
club,3
follows,3
angrily,3
eyebrows,3
roots,3
eighteenth,3
fashion,3
mettle,3
smart,3
heeded,3
realise,3
onwards,3
164,3
sides,3
twice,3
quaked,3
81,3
punished,3
celebrate,3
timbers,3
stringing,3
crafty,3
prevail,3
underneath,3
type,3
fenced,3
fraud,3
sheets,3
fifth,3
shrift,3
shouting,3
skilfully,3
chieftain,3
gull,3
mistake,3
175,3
savages,3
sunrise,3
currents,3
woods,3
thicket,3
scott,3
devour,3
offended,3
crept,3
shoots,3
liddell,3
76,3
pierce,3
saturation,3
170,3
winter,3
75,3
eumaeus’s,3
memories,3
group,3
lawless,3
draws,3
orderly,3
carver,3
folding,3
bosom,3
escorts,3
mothers,3
continent,3
rushes,3
adopted,3
swimming,3
copies,3
monstrous,3
neighbourhood,3
swell,3
steal,3
pens,3
copper,3
cheeses,3
b,3
spared,3
c,3
anchialus,3
beaten,3
scene,3
climb,3
lift,3
dash,3
breeds,3
clung,3
bidding,3
exploit,3
arches,3
bleating,3
dealing,3
current,3
claim,3
clouded,3
apple,3
asphodel,3
chopping,3
marries,3
cauldrons,3
author,3
enjoyed,3
marettimo,3
108,3
“bring,3
reality,3
be—that,3
“heaven,3
1897,3
echetus,3
equitable,3
recall,3
knocked,3
literally,3
brushwood,3
nisus,3
proves,3
lofty,3
spacious,3
detest,3
miles,3
obliged,3
avoided,3
bleeding,3
throat,3
delight,3
seethed,3
knock,3
boar’s,3
forehead,3
apparently,3
pierced,3
fleeces,3
concealed,3
searching,3
sprinkling,3
private,3
conveyed,3
giver,3
chooses,3
robe,3
hindering,3
search,3
103,3
affairs,3
hatching,3
fleetest,3
wrist,3
shocked,3
friendship,3
brooch,3
“these,3
melampus,3
xxi,3
exile,3
forgotten,3
lesbos,3
dell,3
struggling,3
“are,3
guiltless,3
translated,3
guardian,3
peer,3
vouchsafes,3
polished,3
singularly,3
bags,3
valuable,3
leathern,3
information,3
soot,3
soiled,3
removing,3
fruitless,3
43,3
jutting,3
hiding,3
ordered,3
thy,3
“o,3
absent,3
wealthy,3
ropes,3
compass,3
145,3
scowled,3
usually,3
uneasy,3
vouchsafed,3
sheds,3
shook,3
belief,3
37,3
bride,3
suitors’,3
consent,3
warrior,3
base,3
brooded,3
swaggering,3
insulting,3
cretans,3
sidonians,3
crest,3
20,3
undressed,3
30,3
lineage,3
carpenter,3
naturally,3
“look,3
misfortune,3
gleam,3
shamefaced,3
sped,3
overheard,3
situation,3
garment,3
phoenicia,3
forestays,3
meets,3
infant,3
vantage,3
ortilochus,3
42,3
diocles,3
pherae,3
necks,3
loth,3
140,3
messina,3
64,3
insult,3
packed,3
nodded,3
insisted,3
114,3
curious,3
148,3
interesting,3
scouts,3
notion,3
grandson,3
counsellor,3
introduced,3
“would,3
shape,3
nestor’s,3
polyctor,3
sheepskins,3
“who,3
rug,3
epeans,3
phoenicians,3
“call,3
baths,3
doughty,3
nobody,3
javelin,3
delicate,3
fairly,3
tracks,3
unjust,3
fence,3
vast,3
reads,3
treachery,3
ruler,3
136,3
bark,3
seduced,3
exceptionally,3
tight,3
authority,3
concealment,3
grimthorpe,3
errand,3
feeling,3
fingers,3
temples,3
melantho,3
liking,3
132,3
emendation,3
pack,3
&,3
arm,3
gilding,3
achilles’,3
liver,3
lower,3
proteus,3
myrmidons,3
pirates,3
stricken,3
syra,3
asinelli,3
tongues,3
guided,3
heavier,3
delectable,3
vii,3
obeyed,3
desert,3
overhanging,3
congratulate,3
pisander,3
dangerous,3
clytemnestra,3
tricks,3
scared,3
entreat,3
138,3
mariners,3
doves,3
hell,3
tower,3
herdsmen,3
24,2
reproach,2
vaunt,2
poet,2
reveals,2
stubble,2
chided,2
straw,2
planted,2
accompanied,2
lend,2
aid,2
fires,2
“‘stay,2
merchandise,2
cord,2
scolding,2
bands,2
beached,2
countless,2
deserve,2
afternoon,2
overtake,2
amphiaraus,2
ploughing,2
aegyptus,2
conceived,2
descent,2
ceased,2
hardest,2
rowed,2
puzzles,2
games,2
shaft,2
modern,2
steersmen,2
flocked,2
stouter,2
communities,2
flames,2
disobeyed,2
foolishly,2
65,2
devices,2
wisdom,2
oarsmen,2
78,2
poems,2
173,2
disturbed,2
contended,2
pained,2
breed,2
identical,2
taphian,2
rolling,2
demoptolemus,2
acquaintance,2
caring,2
headlines,2
value,2
pantellaria,2
tityus,2
cape,2
gaia,2
greeks,2
pillar,2
cretan,2
necklace,2
students,2
166,2
humbly,2
workmanship,2
conferred,2
building,2
rightly,2
sighing,2
destroyed,2
british,2
nearing,2
glared,2
vitals,2
museum,2
entrails,2
marrow,2
safety,2
supped,2
“alcinous,2
singed,2
kicked,2
perceive,2
beads,2
61,2
manure,2
sows,2
furthest,2
barking,2
arranged,2
intention,2
bloom,2
monster’s,2
swine,2
strewed,2
ducts,2
dung,2
dove,2
management,2
preceding,2
ornaments,2
university,2
january,2
banqueting,2
cambridge,2
puppies,2
spitted,2
gripped,2
offices,2
1000,2
insatiable,2
chattels,2
“pray,2
sacking,2
contentions,2
noose,2
endured,2
172,2
importunate,2
ismarus,2
attendance,2
straps,2
comparison,2
familiar,2
freely,2
fore,2
clytius,2
therefore—and,2
probability,2
be—if,2
168,2
“pontonous,2
instantly,2
pitiless,2
demonstrably,2
brass,2
sacrificial,2
rolled,2
interest,2
fearfully,2
separate,2
presumably,2
offers,2
wantonness,2
owner,2
lively,2
feasts,2
whey,2
exit,2
excuses,2
declares,2
lipari,2
diverted,2
“wake,2
bye,2
occupies,2
kissing,2
179,2
boxer,2
encircling,2
behave,2
xvi,2
baggage,2
seriously,2
begotten,2
peloponnese,2
130,2
calves,2
“those,2
131,2
cobwebs,2
credit,2
69,2
thirds,2
require,2
soldiers,2
height,2
menelaus’s,2
oxhide,2
removed,2
apology,2
talent,2
thirteen,2
furrow,2
ring,2
jumped,2
enchanting,2
purify,2
clothed,2
graces,2
67,2
tempts,2
painful,2
178,2
carve,2
conceal,2
subject,2
list,2
butler’s,2
hand—an,2
adorned,2
busied,2
cleitus,2
polypheides,2
vigour,2
whining,2
lookers,2
176,2
“could,2
partly,2
moderation,2
smithy,2
rushing,2
quailed,2
68,2
assemblies,2
determine,2
established,2
mantius,2
athletes,2
oicleus,2
date,2
recent,2
greatest,2
flattering,2
goose,2
dragging,2
“at,2
181,2
footnotes,2
loves,2
trip,2
habit,2
astonishment,2
mourning,2
frequent,2
extremely,2
nest,2
numberless,2
prophesied,2
moment’s,2
uttered,2
captains,2
dart,2
cleansed,2
sawn,2
139,2
crouching,2
tilled,2
amount,2
chieftains,2
wholly,2
hosts,2
pytho,2
“poor,2
ointments,2
buffeted,2
—for,2
minor,2
attacks,2
cared,2
withdraw,2
sighs,2
heaving,2
argue,2
ctimene,2
advantageous,2
victorious,2
174,2
134,2
135,2
consists,2
contains,2
66,2
me—i,2
subtlety,2
malice,2
drift,2
crowds,2
peopled,2
admit,2
dodona,2
briefly,2
battered,2
threat,2
thickly,2
74,2
gift,2
god’s,2
escorted,2
scenes,2
hopes,2
publish,2
snatch,2
aretias,2
filth,2
faces,2
outcast,2
grants,2
everyone,2
certainty,2
joint,2
mesaulius,2
elatreus,2
continues,2
prays,2
amphialus,2
reduced,2
clytoneus,2
prompted,2
elbow,2
sallied,2
blaze,2
introduction,2
betters,2
exception,2
accurately,2
epeus,2
bespattered,2
warning,2
earnest,2
swineherds,2
wrestlers,2
“happy,2
xiv,2
fishermen,2
runners,2
demodocus’s,2
anon,2
146,2
slaughtered,2
precipice,2
enraged,2
published,2
73,2
huddled,2
aright,2
accustomed,2
71,2
peirithous,2
daylight,2
fewer,2
behaved,2
lampetie,2
enthroned,2
attacked,2
grieves,2
sunlight,2
92,2
magistrate,2
considering,2
smite,2
crosspiece,2
blindness,2
match,2
102,2
illness,2
fasten,2
ebb,2
90,2
fix,2
shovel,2
cuts,2
sooner,2
listens,2
wiser,2
oppressed,2
brilliant,2
bend,2
grazing,2
handled,2
wooed,2
“euryclea,2
mate,2
devil,2
orchomenus,2
iasus,2
feelings,2
leg,2
haunted,2
avenging,2
piled,2
epicaste,2
amphitryon,2
zethus,2
amphion,2
upland,2
pelias,2
walk,2
bone,2
94,2
cretheus,2
nay,2
glistened,2
ripped,2
euryclea’s,2
forewarn,2
resounded,2
‘this,2
perfect,2
region,2
panting,2
shun,2
88,2
lords,2
hint,2
herd,2
stars,2
shifted,2
tumbled,2
laugh,2
105,2
fastening,2
omened,2
hungry,2
afield,2
bending,2
ewe,2
pyre,2
hollow,2
pour,2
enamoured,2
tournament,2
ornament,2
cubit,2
catches,2
perimedes,2
translating,2
possessed,2
disturbance,2
mash,2
notes,2
trough,2
suck,2
155,2
whirling,2
ὀρσοθύρα,2
drunkenness,2
quicker,2
distinguished,2
rafter,2
feckless,2
unburied,2
unwaked,2
carcasses,2
flay,2
exquisitely,2
screaming,2
flitted,2
smirched,2
89,2
trooping,2
ox’s,2
iphicles,2
gibe,2
sink,2
happily,2
sweat,2
bare,2
helen’s,2
hated,2
repeat,2
wondrous,2
print,2
crime,2
abominable,2
belt,2
melted,2
marvellous,2
guilt,2
principles,2
boyhood,2
fain,2
whereby,2
slipped,2
pondering,2
priam’s,2
combat,2
engagement,2
general,2
overflow,2
cunningly,2
pointing,2
96,2
hug,2
roll,2
urging,2
cheek,2
concerning,2
wipe,2
leaders,2
thetis,2
gained,2
‘sweethearts,2
forgive,2
handsomest,2
97,2
‘of,2
“‘i,2
soldier,2
fold,2
beasts,2
digging,2
daring,2
152,2
deucalion,2
“hold,2
poetry,2
difficult,2
claiming,2
supports,2
recognises,2
cairn,2
slain,2
slaughter,2
braziers,2
rows,2
shady,2
enthralled,2
babble,2
sold,2
sixty,2
bacchus,2
wishing,2
shot,2
chin,2
confirm,2
ossa,2
consideration,2
contemptuously,2
meals,2
praise,2
citadel,2
castor,2
lain,2
oracles,2
prison,2
95,2
towns,2
phylace,2
niggardly,2
fitting,2
gibes,2
style,2
miserably,2
lined,2
“‘ulysses,2
stealing,2
“while,2
interviews,2
female,2
listening,2
remove,2
sweetness,2
convulsively,2
99,2
persuaded,2
stories,2
lash,2
hunched,2
rope’s,2
observed,2
154,2
fuller,2
eurybates,2
familiarity,2
whirlwinds,2
freighted,2
gainsay,2
seasons,2
goodness,2
minstrel,2
contend,2
happening,2
crimson,2
162,2
craft,2
147,2
tales,2
righteously,2
equal,2
await,2
163,2
lard,2
leap,2
delivered,2
stature,2
‘alas,2
groaned,2
heaved,2
deceiving,2
convincing,2
anxiously,2
shrewd,2
wherefore,2
hitting,2
behalf,2
shifty,2
contending,2
isle,2
sneezed,2
suitors—the,2
woodland,2
cliffs,2
steep,2
84,2
key,2
earn,2
117,2
rulers,2
upholds,2
hates,2
mend,2
amuse,2
pillars,2
asunder,2
foggy,2
recognising,2
punishes,2
161,2
whereupon,2
simple,2
timber,2
faster,2
loudly,2
instinctive,2
sin,2
examined,2
“cease,2
apartment,2
hideous,2
cyclops’,2
hiss,2
apartments,2
healer,2
object,2
devoted,2
pester,2
idiot,2
steam,2
“suitors,2
ms,2
encouraged,2
thrust,2
lent,2
planed,2
gut,2
swallow,2
‘cyclops,2
plausibly,2
abandoned,2
centre,2
filthy,2
plans,2
parted,2
fright,2
wrinkles,2
worry,2
bellies,2
frowning,2
121,2
nodding,2
122,2
forgo,2
constantly,2
move,2
manhood,2
inferior,2
importunity,2
plague,2
“holding,2
besmirched,2
patiently,2
robbers,2
foe,2
schemed,2
accounted,2
attacking,2
reply,2
ails,2
terms,2
marginal,2
gore,2
indulging,2
directed,2
abounding,2
eased,2
“great,2
slay,2
boughs,2
pool,2
lighter,2
flowing,2
nose,2
107,2
exist,2
87,2
slew,2
spake,2
waking,2
groves,2
confidence,2
miller,2
secure,2
spell,2
scream,2
pigstye,2
“sirs,2
fared,2
addressing,2
farewell,2
109,2
toward,2
halls,2
sicels,2
silly,2
‘father,2
fruitful,2
labours,2
poseidon,2
separately,2
raged,2
homewards,2
complaints,2
joints,2
untold,2
hearty,2
crushed,2
brimstone,2
severe,2
rises,2
rush,2
wretches,2
gulls,2
deprived,2
lowing,2
propped,2
rams,2
ally,2
surrounding,2
106,2
unman,2
strikes,2
110,2
maidservants,2
subjection,2
overarching,2
heretofore,2
edgeways,2
throned,2
assuredly,2
naiads,2
likewise,2
rent,2
113,2
85,2
flaws,2
fathom,2
glutton,2
pasture,2
hapless,2
threats,2
contrary,2
whomsoever,2
dense,2
immoderately,2
shroud,2
loading,2
speared,2
cries,2
fawned,2
absurdly,2
86,2
malicious,2
hey,2
“with,2
hermes,2
slung,2
sigh,2
sheet,2
soundly,2
slayer,2
149,2
111,2
homes,2
prevailed,2
merman,2
unfastened,2
peacefully,2
star,2
resounds,2
heralds,2
‘there,2
price,2
weave,2
“stockman,2
158,2
112,2
gloom,2
apollo’s,2
dislike,2
honourable,2
outlines,2
aegadean,2
passenger,2
herbs,2
sican,2
ephyra,2
poison,2
ilus,2
133,2
conviction,2
excellently,2
workmanlike,2
wicker,2
wounds,2
τοι,2
afterthought,2
marrying,2
γ’,2
ὦς,2
εὶπὼν,2
bolts,2
bored,2
21,2
jeering,2
drinks,2
befallen,2
distinction,2
shallow,2
starred,2
rank,2
founded,2
neighbouring,2
casks,2
chests,2
bright,2
“had,2
disappears,2
reeled,2
pitiable,2
discretion,2
levanzo,2
18,2
blest,2
inherit,2
tremendous,2
7,2
stirred,2
κατ’,2
delay,2
wonderfully,2
caressed,2
ἀγορήσατο,2
μετέειπεν,2
horseman,2
veins,2
advising,2
refreshed,2
coward,2
deiphobus,2
anticlus,2
clapped,2
it—for,2
ἄρ’,2
beams,2
visited,2
insists,2
ploughed,2
yielded,2
iasion,2
evenor,2
forecourt,2
goings,2
trembled,2
flatter,2
φρονέων,2
“goddess,2
ἐὺ,2
ἔζετο,2
pomp,2
53,2
seasoned,2
τοῖσι,2
pine,2
ἀνέστη,2
largest,2
disguise,2
ὄς,2
infancy,2
suited,2
vide,2
sworn,2
delayed,2
waist,2
lamentation,2
fabric,2
gossamer,2
retired,2
σφιν,2
awaits,2
hoped,2
52,2
foam,2
“fall,2
earthquake,2
8,2
descended,2
loin,2
plates,2
mediterranean,2
visits,2
plundered,2
40,2
crowning,2
exhausted,2
hoisted,2
embellishments,2
socket,2
185,2
22,2
sun’s,2
dorian,2
secretly,2
murdered,2
rotting,2
cloth,2
guilds,2
“nausicaa,2
351,2
shy,2
juicy,2
hoofs,2
lordly,2
cruse,2
implying,2
di,2
bachelors,2
bustling,2
oats,2
respectively,2
beats,2
cisterns,2
leaned,2
furled,2
arrived,2
robes,2
quantities,2
moodily,2
legend,2
referring,2
495,2
bounteous,2
unblended,2
identifiable,2
thundering,2
band,2
earshot,2
deliver,2
completeness,2
ahead,2
yarn,2
charged,2
6,2
“jutland”,2
—but,2
magnificently,2
watched,2
measures,2
shameless,2
rode,2
whirlwind,2
rear,2
detaining,2
ventured,2
“bless,2
receiving,2
roar,2
supplies,2
enveloped,2
cargo,2
furnished,2
loathing,2
phronius,2
plunged,2
μέγαρα,2
inwardly,2
afforded,2
hears,2
spit,2
phylo,2
declared,2
egyptian,2
“fear,2
richest,2
be—for,2
shelving,2
tripods,2
scheming,2
wit,2
despairingly,2
ride,2
pretence,2
feat,2
taygetus,2
17,2
below,2
46,2
beating,2
intercalated,2
101,2
hand—not,2
comeliness,2
aegyptius,2
counting,2
shout,2
flight,2
100,2
eurynomus,2
instinctively,2
foals,2
eagles,2
approaching,2
brood,2
padua,2
bursting,2
creditable,2
erinyes,2
16,2
tearing,2
relief,2
audience,2
foretold,2
dried,2
jaws,2
bought,2
whichever,2
countrymen,2
seal,2
refer,2
household,2
skinned,2
him—one,2
prophesying,2
ancient,2
dears,2
existing,2
14,2
accord,2
pre,2
brewing,2
baby,2
sensibility,2
herald,2
ringleaders,2
villainy,2
delightful,2
trident,2
split,2
disgraced,2
undoing,2
torchlight,2
promontory,2
foreland,2
alternative,2
paris,2
slip,2
horsemen,2
levelled,2
awaiting,2
councils,2
butchering,2
vxiii,2
remedy,2
“authoress,2
sings,2
hail,2
hawk,2
rhadamanthus,2
planctae,2
spreading,2
treatment,2
48,2
discs,2
alcmena,2
49,2
convened,2
aggrieved,2
sicilian,2
tyro,2
phaedimus,2
accomplishments,2
47,2
rim,2
leader,2
vulcan’s,2
hindered,2
pestering,2
exchange,2
airs,2
banquets,2
recklessness,2
suitable,2
gyrae,2
unweariable,2
preparing,2
cowards,2
cedar,2
chattering,2
starved,2
cypress,2
26,2
poplar,2
ἰστοπέδη,2
corruption,2
skewer,2
catching,2
applaud,2
songs,2
preach,2
flies,2
swooped,2
ordering,2
clamorous,2
‘stranger,2
‘it,2
vying,2
meadowed,2
50,2
inches,2
weal,2
bards,2
breeze,2
stiff,2
usurp,2
hind,2
λιπὼν,2
grassy,2
περικαλλέα,2
them—and,2
breaks,2
wrestled,2
sorrowful,2
reminds,2
philomeleides,2
govern,2
cheered,2
him—if,2
prevaricate,2
footnote,2
51,2
herbage,2
“mother,2
unconscious,2
cerebration,2
“ithaca,2
“‘stranger,2
ops,2
fuel,2
troublesome,2
pulling,2
196,2
prophecyings,2
coincidence,2
seize,2
bereft,2
huntsmen,2
you—and,2
toils,2
adding,2
speeches,2
overpowered,2
12,2
273,2
thole,2
tighter,2
phocaean,2
“having,2
seldom,2
falling,2
sunshine,2
faith,2
rumour,2
decide,2
288,2
neptune’s,2
snare,2
formal,2
“did,2
spunging,2
reckon,2
day’s,2
327,2
suspecting,2
bluster,2
suit,2
murdering,2
chide,2
thin,2
obviously,2
44,2
ambush,2
tremble,2
riches,2
uninvited,2
count,2
drying,2
suggestion,2
stratius,2
blossoms,2
aretus,2
“make,2
harassed,2
loyal,2
skilful,2
glorified,2
plainness,2
hyacinth,2
ravenously,2
curls,2
soften,2
goldsmith,2
omitted,2
haply,2
“young,2
covenant,2
perseus,2
“rise,2
errands,2
‘who,2
ravens,2
corvi_,2
254,2
255,2
349,2
πλωτῇ,2
vagabond,2
natured,2
begun,2
scandal,2
acquainted,2
dei,2
_ruccazzù,2
paved,2
echephron,2
shipwreck,2
foreigners,2
anvil,2
scampered,2
reins,2
resemble,2
accordingly,2
character,2
33,2
27,2
pouring,2
buttmann,2
duly,2
pronged,2
honeyed,2
alpheus,2
joining,2
saluting,2
handing,2
34,2
propitiate,2
thereafter,2
layers,2
sounding,2
necessity,2
girls,2
normal,2
“stay,2
seek,2
festival,2
foreigner,2
prosperity,2
“nestor,2
wrapped,2
boldly,2
rovers,2
dubious,2
endure,2
screamed,2
55,2
tossing,2
ages,2
difference,2
126,2
grain,2
hour,2
forwards,2
provided,2
spin,2
wooers,2
scoundrels,2
mill,2
tamely,2
289,2
submit,2
hereabouts,2
persons,2
stretching,2
woven,2
phaestus,2
remind,2
helm,2
elsewhither,2
enlarged,2
incessant,2
ripens,2
crows,2
editor,2
bracketed,2
omitting,2
olives,2
figs,2
apples,2
weaving,2
pomegranates,2
cajoled,2
painless,2
shafts,2
reasons,2
acres,2
arts,2
expressly,2
fashioned,2
fearful,2
eurymedusa,2
euboea,2
stormy,2
chios,2
absurdity,2
corresponding,2
rested,2
lightly,2
manifest,2
plotted,2
convince,2
“which,2
9,2
sunset,2
vex,2
gild,2
advised,2
periboea,2
boat,2
29,2
rhexenor,2
philoctetes,2
eighth,2
bane,2
celebrated,2
31,2
streets,2
travelling,2
fool’s,2
neoptolemus,2
greet,2
honours,2
reserve,2
“therefore,2
diomed,2
58,2
jutted,2
haired,2
assembled,2
213,2
tune,2
38,2
pylian,2
“will,2
236,2
exulting,2
darted,2
35,2
additional,2
summits,2
preventing,2
meadows,2
naked,2
higher,2
topmost,2
reigning,2
reference,2
glittering,2
333,2
kinsmen,2
imperishable,2
liberal,2
crowded,2
assured,2
abominably,1
differently,1
534,1
motioned,1
wanton,1
propitious,1
“impudent,1
marvel,1
ed,1
82,1
epic,1
asteria,1
motya,1
tenses,1
beware,1
533,1
aglow,1
firebrand,1
spying,1
rail,1
crossbeams,1
emptied,1
containing,1
jeered,1
lapse,1
icmalius,1
scrolls,1
“donkeys,1
242,1
flaming,1
consume,1
entry,1
compatriots,1
artisans,1
stools,1
enmity,1
kick,1
serving,1
1834,1
recklessly,1
slides,1
invent,1
dangling,1
problem,1
stratagems,1
shaped,1
maltreated,1
grossly,1
sights,1
betrayed,1
handed—i,1
marauders,1
islands—dulichium,1
blameless,1
instruct,1
revealed,1
righteousness,1
benedictine,1
l,1
monarch,1
authoress’s,1
yields,1
woman—fair,1
virtues,1
“more’s,1
increase,1
ash,1
heaviness,1
person’s,1
complaining,1
anyhow,1
superintend,1
restrained,1
immeasurably,1
radiance,1
jug,1
steel,1
property—and,1
allies,1
asserting,1
sought,1
nausicaa’s,1
frag,1
ἰστοπέδαν,1
lilybaean,1
mulius,1
ringing,1
youths,1
awed,1
sophocles’,1
ideas,1
attempting,1
attach,1
strait,1
drag,1
‘maidens,1
temples—you,1
marathon,1
halt,1
people—brooding,1
collect,1
head—for,1
wolds,1
shoes,1
longest—give,1
nod,1
scythe,1
mow,1
mowing,1
tawny,1
mated,1
acre,1
straighter,1
pulley,1
pleasant,1
decently,1
armour—ulysses,1
phoca,1
502,1
356,1
dares,1
peasants,1
altogether,1
“shall,1
loaf,1
bolted,1
fledged,1
stale,1
recently,1
coins,1
“seal,1
crooked,1
pressure,1
chrysostom,1
exists,1
lamp,1
mainland—the,1
177,1
357,1
lexicon,1
interpolated,1
penelope—euryclea,1
coasts,1
warrant,1
abuse,1
engaged,1
recorded,1
incident,1
_isola,1
gross,1
washes,1
poetess,1
fulfil,1
write,1
60,1
grande_,1
imposition,1
leg—penelope,1
beckoned,1
budge,1
chafes,1
famille,1
pin,1
magnates,1
device,1
spotted,1
final,1
paws,1
pricked,1
strangling,1
onion,1
deeply,1
cravings,1
en,1
merge,1
equals,1
hardened,1
loitering,1
curly,1
inconceivable,1
“piraeus,1
“goat”,1
insurrection,1
1848,1
dwelt,1
austrian,1
pursued,1
“sacred,1
pocket,1
leisure,1
lack,1
wrangler,1
safer,1
test,1
recollect,1
swineherd’s,1
277,1
interpolate,1
route,1
prescribed,1
hotly,1
robbing,1
62,1
colonising,1
mightiest,1
604,1
midway,1
sonza,1
malizia,1
thievishness,1
260,1
feathers,1
rascality,1
mentions,1
indisputable,1
uncivil,1
superior,1
sex,1
squalid,1
righteous,1
“amber,1
deals,1
582,1
606,1
so—that,1
39,1
me—making,1
cypria,1
188,1
refers,1
189,1
route”,1
41,1
extravagance,1
genuine,1
detested,1
royal,1
mention,1
guilty,1
disfigure,1
longmans,1
merges,1
producing,1
wily,1
police,1
tries,1
hip,1
amnisus,1
77,1
cnossus,1
conference,1
tail,1
776,1
refuge,1
unfair,1
aethon,1
500,1
repeating,1
ilithuia,1
triumph,1
survivor,1
contiguous,1
fleas,1
locate,1
341,1
platters,1
“belonged,1
pelasgi,1
despite,1
dorians,1
ravages,1
connection,1
formiche,1
froude,1
notwithstanding,1
from—for,1
way”,1
brothers—for,1
45,1
costs,1
exiles,1
“fountain,1
ninety,1
languages,1
distasteful,1
overlap,1
eteocretans,1
340,1
placing,1
cur,1
footsteps,1
fawning,1
salone,1
colossal,1
donatello’s,1
people—gadding,1
wastes,1
heaps,1
breathed,1
thawed,1
subscriptions,1
noticing,1
drepanum,1
magazine”,1
neglected,1
bank,1
conditioned,1
hares,1
infer,1
sarcastic—meaning,1
years’,1
embraced,1
“grieving,1
1839,1
adopting,1
confederates,1
“children,1
63,1
sheepskin,1
“longman’s,1
unfriendly,1
“champing,1
ironical,1
week,1
fiction—it,1
stable,1
cow,1
senior,1
ἰστοπόδη,1
thirteenth,1
alcaeus,1
cudgel,1
mutilated,1
wanderings,1
91,1
deems,1
urges,1
frosty,1
drubbing,1
wretchedly,1
deities,1
explanation,1
beck,1
kisses,1
loins,1
remaining,1
compared,1
baring,1
stalwart,1
tie,1
significance,1
bully,1
irrepressible,1
god—and,1
tusks,1
cavalca,1
hymn,1
rides”,1
obtaining,1
quarreled,1
bene”,1
“light,1
joke,1
ragged,1
biaggini,1
scent,1
pull,1
signor,1
”146,1
classes—the,1
goats’,1
paunches,1
sly,1
eat—and,1
wayfarers,1
westerly,1
islands—marettimo,1
doubtful,1
hailed,1
goat’s,1
93,1
melanthius—he,1
loaves,1
pledging,1
proposed,1
offends,1
“amphinomus,1
ionian,1
patroclus—which,1
indication,1
vainest,1
malmesbury’s,1
intelligible,1
health,1
almighty,1
meet—ulysses,1
“grant,1
restoration,1
pitiful,1
argos—he,1
skull,1
ache,1
gushing,1
burdened,1
gnashing,1
anachronism,1
desires,1
‘cable’,1
kicking,1
time”,1
353,1
eurymedusa’s,1
stool—penelope,1
don’t,1
moving,1
topographical,1
stated,1
roundly,1
pythian,1
scowling,1
“wanderers,1
wife_,1
‘so,1
buckets,1
me—she,1
avoiding,1
gardens,1
overhear,1
“very,1
inexplicable,1
imagination,1
54,1
irrigation,1
jutes,1
445,1
attached,1
irus—ulysses,1
warns,1
amphinomus—penelope,1
neritus,1
thin—you,1
“nor,1
strictly,1
ithacus,1
fret,1
presented,1
indoors,1
“nothing,1
doubtful—cf,1
andrew,1
”142,1
colder,1
enquiring,1
partner,1
wells,1
descendants,1
entranced,1
defended,1
_my,1
patient,1
brides,1
braziers—ulysses,1
rebukes,1
preference,1
182,1
299—where,1
applied,1
wink,1
56,1
598,1
θοῇσι,1
vowed,1
shorter,1
average,1
notorious,1
carping,1
frowned,1
tags,1
incense,1
183,1
trippingly,1
fag,1
circle,1
appropriated,1
heels,1
“from,1
“be,1
incorrigible,1
tidal,1
history,1
phase,1
humanity,1
consisting,1
missionary,1
drunkard,1
“flying”,1
interpolation,1
hulking,1
arnaeus,1
suspicion,1
shovels,1
strengthened,1
reclining,1
importance,1
appropriation,1
appropriate,1
stubbornness,1
binding,1
antinous’s,1
embroidered,1
describing,1
incompetent,1
practised,1
outbuildings,1
chain,1
gleamed,1
bounty,1
custom,1
privately,1
pylos”,1
poorest,1
washerwoman,1
eurydamas’s,1
earrings,1
dainty,1
interests,1
roving,1
233,1
infamy,1
iasian,1
drunken,1
conclusive,1
proposing,1
thrashing,1
captives,1
stairs,1
capturing,1
boat’s,1
succession,1
whitewashed,1
resting,1
foresaw,1
“far,1
hand—‘wife,1
redundant,1
employed,1
lowering,1
decides,1
alarmed,1
412,1
pendants,1
altered,1
toys,1
‘science,1
fatten,1
preparation,1
hazard,1
commerce,1
πόρθμος,1
529,1
hurts,1
him—but,1
misconduct,1
gossips,1
betters—so,1
impotent,1
tortured,1
unwasted,1
“vixen,1
59,1
apiece,1
“floating”,1
diffidence,1
fanciful,1
disloyal,1
compunction,1
impunity,1
rarest,1
danced,1
braziers151,1
bitterest,1
needlewoman—no,1
chopped,1
house—neither,1
“maids,1
history’,1
consideration—could,1
unpicking,1
344,1
folds,1
scanning,1
nods,1
limp,1
affair,1
alexandrian,1
reddened,1
foreboded,1
infuriated,1
feigned,1
whereabouts,1
70,1
outrageous,1
“ignorant,1
pinch,1
madman,1
“eurynome,1
notoriously,1
223,1
baffle,1
98,1
incessantly,1
521,1
lavishly,1
“inexperienced,1
dearest,1
stagger,1
“apeiros”,1
tradition,1
355,1
dishonour,1
bloodlessly,1
confounded,1
editors,1
“they”,1
ulysses’s,1
hobbles,1
room”,1
“homer,1
bowing,1
scanned,1
hobbes,1
specially,1
180,1
overtook,1
feather,1
autonoe,1
dactylic,1
discreet,1
agreeable,1
important,1
prefer,1
ileadic,1
grassed,1
desperately,1
mile,1
scraps,1
pestilence,1
hippodamia,1
enlighten,1
contrast,1
dmetor,1
emphasise,1
accommodate,1
disgracefully,1
injury,1
discreditable,1
whiter,1
complexion,1
honestly,1
heinous,1
schemer,1
woman150,1
horses—for,1
luckily,1
ambrosial,1
rubbing,1
loveliness,1
statement,1
dissuade,1
gladly—alcinous,1
wears,1
shirt—probably,1
dactylism,1
commanding,1
cauldrons144,1
erring,1
aught,1
battlements,1
296,1
foresworn,1
lasted,1
temesa,1
4,1
cavaliere,1
innocent,1
giannitrapani,1
”176,1
chair,1
teach,1
carding,1
all177,1
ordinary,1
misbehaved,1
disrespect,1
θρῆνυς,1
ἐς,1
permitted,1
currency,1
“begin,1
“high,1
swill,1
drops,1
cleaned,1
christianised,1
shovelled,1
version,1
unstamped,1
money—an,1
punishment,1
unholy,1
“rejoice,1
“madonna,1
malconsiglio—“the,1
turkish,1
hesiod,1
studded,1
inspiration,1
νηίῳ,1
freshly,1
νηρίτῳ,1
disrespectful,1
slaughter—you,1
bard—while,1
searched,1
it”—see,1
μέσσον,1
weltering,1
netted,1
5,1
strabo,1
mines,1
remote,1
eufemia,1
sta,1
gulf,1
bloody,1
trapani”,1
toe,1
hemmed,1
secured,1
detail,1
iniquity,1
absurd,1
bloodshed,1
“explain,1
prominent,1
pause,1
trapani_,1
exult,1
confidently,1
home—more,1
rattling,1
_madonna,1
eupeithes’,1
you—if,1
entire,1
“however,1
angles180,1
poised,1
silent,1
infused,1
hurl,1
amazement,1
sprung,1
poise,1
damsel,1
features,1
“mother—but,1
nonsense,1
already—talking,1
occasionally,1
anterior,1
thrushes,1
θρόνος,1
net,1
118,1
nooses,1
indian,1
atlantic,1
parties,1
strife,1
cleanses,1
pollution,1
warful,1
attendants,1
mock,1
thunderbolt,1
clothes—a,1
soaring,1
goddess’,1
144,1
purified,1
119,1
eventually,1
diffali,1
fontana,1
husband—early,1
nimble,1
them—now,1
terpes—he,1
sternly,1
toro,1
“dusky”,1
“shadowy”,1
“melanthius,1
hampton,1
del,1
giving”,1
“shadow,1
thersites,1
“shady”,1
μέγαρον,1
bondage,1
feature,1
σκιοέντα,1
unsewn,1
beguile,1
siding,1
hotch,1
pot,1
widow,1
11,1
pathos,1
andromache,1
lamentably,1
alcimus,1
requite,1
218,1
13,1
eurybates’,1
hector’s,1
dangerously,1
χιτῶνα,1
15,1
alter,1
jealousy,1
scrupulous,1
hastily,1
705,1
scan,1
door169,1
pavement170,1
702,1
“cannot,1
suitors171,1
ulysses—for,1
brandishing,1
sharper,1
scoundrel,1
wrongs,1
melanthius’,1
“grotta,1
linger,1
innermost,1
rotted,1
fluctuating,1
g,1
plural,1
kindnesses,1
hardness,1
compels,1
beaked,1
“foul,1
“middle”,1
peleponnese,1
mouthed,1
polytherses,1
wickedly,1
repay,1
leocritus,1
commonly,1
maddened,1
gadfly,1
116,1
iris,1
eurydamas,1
crook,1
taloned,1
365,1
swoop,1
cower,1
sport—even,1
horrible,1
passes,1
northern,1
fooling,1
deliberately,1
wronged,1
taunted,1
“middle,1
217,1
uncertain,1
argues,1
“speech,1
“war,1
photo,1
brunt,1
brag,1
490,1
“tesoro,1
10,1
sicians,1
unsupported,1
colonisations,1
crown,1
accepted,1
contain,1
151,1
euryades,1
elatus,1
centuries,1
inhabited,1
italy”,1
regained,1
asia,1
weapons,1
graze,1
150,1
name—why,1
world—pray,1
123,1
declared—i,1
bleached,1
extent,1
apheidas,1
alybas,1
closer,1
“quite,1
may—that,1
“over,1
you—tell,1
tomb,1
hellespont,1
gartered,1
noblest,1
corners,1
gird,1
bewail,1
writes,1
necos,1
footed,1
dowered,1
evermore,1
guest—my,1
solace,1
him—as,1
amply,1
requited,1
discovered,1
polypemon,1
herod,1
forms,1
lament—calling,1
abruzzi,1
plemmirio,1
oblong,1
informed,1
orsi,1
crimes,1
answering,1
dr,1
lamentation—we,1
dirge,1
chaunted,1
resins,1
mingled,1
establish,1
clashed,1
asking—i,1
pile,1
multitude,1
quivered,1
vase,1
sicania,1
excavations,1
them—gift,1
sole,1
eperitus,1
circumnavigation,1
mantles,1
127,1
reclaimed,1
192,1
“where,1
meanly,1
prehistoric,1
unsavoury,1
tyndareus,1
gardener—what,1
doric,1
megapenthes’,1
womankind,1
kiss,1
bowels,1
slaves,1
turnings,1
begone,1
cap,1
sleeves,1
293,1
induced,1
init_,1
orchard,1
thorns,1
hoeing,1
patched,1
_ad,1
brambles,1
proclaim,1
constancy,1
melaneus,1
assuming,1
tapestry,1
chased,1
“amphimedon,1
men—all,1
solid,1
griffith,1
they’d,1
too—that,1
sharply,1
customary,1
resume,1
“agamemnon,1
unexpectedly,1
compose,1
calf,1
patience,1
bolting,1
bow—nor,1
dull,1
darts,1
uncared,1
bondman,1
moan,1
128,1
129,1
excellence,1
cozzo,1
muses,1
tokens,1
encourage,1
straightening,1
dolius’s,1
massacre,1
prop,1
inlaying,1
denied,1
spending,1
shuddering,1
revenged,1
someone,1
convinced,1
off”,1
maidservant,1
suitor’s,1
142,1
actor,1
mistrust,1
danger—even,1
discouragement,1
question—what,1
morn,1
lampus,1
phaethon,1
unknown,1
undergo,1
sided,1
could—that,1
tools,1
happier,1
continuing,1
rejects,1
church,1
believes,1
another—even,1
quarrel—the,1
arceisius—,1
rumours,1
bestir,1
eminent,1
re,1
ancestors,1
echoed,1
”182,1
carpenter’s,1
exaggeration,1
context,1
minerva—and,1
clock,1
beauty—enriches,1
unyielding,1
depreciate,1
curiosity,1
encouragement,1
o’,1
stump,1
same—warriors,1
shade,1
hearts—wasting,1
identity,1
laertes’,1
naturedly,1
leucas,1
souls,1
nericum,1
shadows,1
conversing,1
messengers,1
125,1
townspeople,1
hugely,1
swoon,1
cusumano,1
heedless,1
whine,1
chivalry,1
assign,1
vines,1
000,1
forty,1
commands,1
extensive,1
truest,1
211,1
tusk,1
‘hold,1
pantano,1
squeal,1
cluster,1
124,1
carcases,1
respite,1
eurynome183,1
joyfully,1
ruthlessly,1
furthered,1
telepylos,1
mastor,1
overwhelmed,1
chill,1
repose,1
hooting,1
compel,1
noised,1
bats,1
”185,1
corrupt,1
greeting,1
restored,1
hades—ulysses,1
laertes—the,1
wing,1
concludes,1
cyllene,1
summoned,1
gibbering,1
days’,1
menacingly,1
plumes,1
snowy,1
“run,1
heaven—eumaeus,1
island—see,1
arrive—the,1
dine—ctesippus,1
ulysses—theoclymenus,1
171,1
“window,1
169,1
poetess—for,1
421,1
foretells,1
poet—or,1
alarming,1
458,1
32,1
eurynome156,1
wakefully,1
misconducting,1
giggling,1
growled,1
195,1
337,1
bitch,1
strangeness,1
growls,1
growl,1
“heart,1
diana—the,1
sleep—penelope’s,1
flood,1
heart—the,1
“noisy,1
portended,1
mainly,1
melodrama,1
unaccountable,1
invariably,1
unmodified,1
unsubstantial,1
typical,1
fancies,1
fatuous,1
hector,1
usher,1
recline,1
588,1
587,1
didyme,1
sever,1
dwelling,1
stays,1
interrupts,1
“twin”,1
defer,1
permanently,1
appointed,1
dwellers,1
supposing,1
avengers,1
attribute,1
tied,1
ægean,1
covers,1
geography,1
sponge,1
jugs,1
busily,1
premises,1
humouredly,1
are—,1
“requite,1
567,1
handedly,1
spoiling,1
”157,1
fists,1
gusts,1
impossibilities,1
decency,1
avalanches,1
bowed,1
boatmen,1
will—even,1
salinas—as,1
saluted,1
poorly,1
outdoor,1
sweeping,1
nosti,1
circumstances,1
supreme,1
determines,1
yielding,1
invitation,1
408,1
paths,1
unprotected,1
orphans,1
accomplishment,1
haunts,1
clytemnestra’s,1
methought,1
believed,1
women—extenuates,1
wretched,1
writer—ever,1
correctly,1
supplicants,1
distresses,1
glance,1
grind,1
&c,1
350,1
calls,1
whistling,1
neglecting,1
326,1
“can,1
salinas—the,1
‘daughter,1
valleys,1
world—and,1
companionship,1
non,1
“autolycus,1
abruptly,1
sailors’,1
highly,1
grandmother,1
amphithea,1
slopes,1
breezy,1
ordinarily,1
slow,1
particular,1
chasing,1
baying,1
bay,1
flashing,1
brute,1
sideways,1
commentator,1
ripping,1
knee,1
gash,1
navigating,1
624,1
perjurer,1
thief,1
healed,1
dreadfully,1
ranges,1
shipboard,1
581,1
catalogue,1
sleepless,1
understands,1
woman—the,1
256,1
unaware,1
trapanese,1
localities,1
localise,1
argued,1
autolycus—who,1
derived,1
sluts,1
thirty,1
choosing,1
properly,1
occurred,1
presumption,1
promptly,1
intervened,1
bachelor,1
intended—but,1
grandfather,1
carcass,1
mutual,1
reverberating,1
425,1
window,1
evince,1
herself—for,1
round—or,1
actual,1
afterthought—added,1
dreamed,1
swooping,1
426,1
curved,1
446,1
beak,1
36,1
transposed,1
soared,1
perching,1
projecting,1
enable,1
liberties,1
topography,1
unlikely,1
occasions,1
vehicles,1
identify,1
range,1
lodged,1
concern,1
commanded,1
hangs,1
shadiest,1
scarred,1
overturned,1
621,1
nearer,1
time—for,1
unmeasurable,1
attending,1
stromboli,1
tortures,1
dun,1
nightingale,1
etna,1
covert,1
noticeable,1
plaintive,1
trill,1
pours,1
ῥῶγες,1
mishap,1
itylus,1
toss,1
uncertainty,1
safeguard,1
begs,1
incensed,1
interpret,1
admiral,1
dragoman,1
ida,1
boarhounds,1
gossiping,1
‘these,1
beggarly,1
decided,1
“people,1
supplied,1
prefixing,1
verbatim,1
bungled,1
simile,1
ἐάσατε,1
clamoured,1
outcry,1
baser,1
pelt,1
οἷον,1
byblus,1
μ’,1
fibre,1
resuming,1
φίλοι,1
proving,1
σχέσθε,1
416,1
worms,1
tricky,1
19,1
disturb,1
successful,1
illustrious,1
translate,1
tooth,1
νέστωρ,1
warming,1
this—she,1
“restraining,1
unborn,1
today,1
“curbing,1
side—as,1
tomorrow—the,1
craftily,1
appeal,1
judgment,1
pluperfect,1
neglect,1
“wretched,1
lucky,1
inflamed,1
centaur,1
eurytion,1
ἦ,1
lapithae,1
angered,1
crazed,1
centaurs,1
fancier,1
strings,1
ordain,1
offending,1
intents,1
inlet,1
“tunica”,1
cusumano—the,1
“dogs,1
feminine,1
profound,1
antiquities,1
roman,1
dictionary,1
nurse”,1
smith’s,1
softened,1
upset,1
“though,1
292,1
resistance,1
hankering,1
romans,1
nipple,1
doubled,1
agonies,1
hack,1
convenience,1
_tunica_,1
χιτών,1
purposes,1
unfeminine,1
twittering,1
ὡπλίσσατο,1
table165—for,1
160,1
quiver—he,1
sardinia,1
ægyptius,1
notch,1
twit,1
hash,1
vulgarly,1
disport,1
πολυδαίδαλος,1
δόρπον,1
puts,1
impression,1
implies,1
πύματον,1
centrale,1
teiresias’,1
159,1
cleanse,1
death—who,1
157,1
albergo,1
slot,1
revellers,1
gushed,1
unfold,1
do—to,1
hissarlik,1
blotted,1
obstacles,1
examples,1
idæus,1
λίμνην,1
ἀνόρουσε,1
it—the,1
197,1
smeared,1
forebodings,1
“unhappy,1
104,1
drip,1
ἠέλιος,1
inheritance,1
δίφρον,1
blighting,1
provoking,1
useless,1
silently,1
merriment,1
wedged,1
ἀπόρουσε,1
chew,1
abundant,1
overrated,1
ἰδαῖος,1
’”,1
suffering160,1
obstacle,1
convenient,1
dardanelles,1
troad,1
thought—only,1
smyth,1
living—of,1
eastern,1
purposely,1
quoted,1
smyrna,1
belongs,1
threatening,1
ribald,1
confident,1
commend,1
smiling,1
grill—the,1
grimly,1
sardinian,1
fashion159,1
authorities,1
behaviour,1
skewers,1
day—guests,1
gridiron,1
kidneys,1
lights,1
gruesome,1
them—for,1
imperfect,1
oenops,1
simpletons,1
ῥ’,1
house—egging,1
“jove,1
μεντορ,1
“ἦ,1
groove,1
stamped,1
tug,1
runs—,1
eagerness,1
construction,1
indignant,1
evident,1
unused,1
striven,1
bridal,1
tip,1
“leiodes,1
“maintaining,1
grease,1
it—we,1
ῥα,1
“keeping,1
perplexing,1
warmed,1
“silly,1
louts,1
rigging,1
πόντον,1
259,1
165,1
lacedaemon—iphitus,1
messene,1
whistles,1
whistle,1
flooring,1
paste,1
debt,1
attract,1
messenians,1
mission,1
tauromenium,1
aorist,1
prodigies,1
οὶνοπα,1
ἐπὶ,1
taormina,1
bellowing,1
stepped,1
κελάδοντ’,1
platform,1
23,1
contained,1
abusing,1
preferable,1
misled,1
proreus,1
hand—a,1
trained,1
skimmed,1
cormorant,1
drenching,1
plumage,1
journey’s,1
reek,1
sandal,1
shuttle,1
warp,1
alder,1
smelling,1
nests—owls,1
hawks,1
occupy,1
luxuriantly,1
argus,1
rills,1
channels,1
irrigate,1
violets,1
flowed,1
once—for,1
another—but,1
mercury—honoured,1
welcome—for,1
refreshment,1
transgress,1
sinned,1
tide,1
“ought,1
pieria,1
perilous,1
ceres,1
gatherings,1
exterminate,1
bruised,1
“comrades,1
lioness,1
hemming,1
motion,1
iphthime,1
eumelus,1
dreamland,1
“sister,1
thoughts,1
torture,1
ship—a,1
roughing,1
commission,1
convoyed,1
one—is,1
dissipated,1
comforted,1
vivid,1
intent,1
islet,1
asteris,1
channel,1
calypso—ulysses,1
tithonus—harbinger,1
immortals—the,1
subjects,1
skurrying,1
“mercury,1
matrimony,1
sunk,1
enlisting,1
battledore,1
oceanus—for,1
dim,1
solymi,1
muttered,1
ethiopia,1
calamities,1
pressing,1
burial,1
surface,1
weighed,1
spat,1
drowning,1
whirl,1
thistledown,1
shuttlecock,1
wain,1
cadmus,1
leucothea,1
formerly,1
marine,1
strip,1
enchanted,1
luring,1
do—i,1
best—no,1
chaff,1
horseback,1
ino’s,1
sea—meaning,1
muttering,1
dipping,1
bear—which,1
cherished,1
firmly,1
“or,1
you”,1
fretting,1
shuddered,1
witnesses,1
styx—and,1
take—that,1
straightforwardly,1
rapidly,1
calypso’s,1
whit,1
aware,1
wrecks,1
graceful,1
adze,1
bootes,1
grew—alder,1
sky—very,1
adzed,1
squaring,1
augers,1
rivets,1
shipwright,1
ribs,1
gunwale,1
steer,1
hurdles,1
braces,1
levers,1
pleiads,1
sympathy,1
gardener,1
wooer,1
‘some,1
dues,1
pharos—it,1
water—and,1
becalmed,1
idothea,1
barbed,1
hooks,1
pangs,1
hunger,1
way—at,1
“‘let,1
‘whichever,1
inch,1
“‘can,1
caught—not,1
miscreants,1
heralded,1
furs,1
seals—halosydne’s,1
chickens,1
them—come,1
shoals,1
“‘first,1
tallied,1
grip,1
slacken,1
rely,1
stench,1
fishy,1
distressing45—who,1
addresses,1
avail,1
bask,1
thon,1
interrupted,1
intercourse,1
grudged,1
filling,1
forenoon,1
shave,1
wring,1
him—his,1
offspring—and,1
asphalion,1
banishes,1
hewn,1
sovereign,1
polydamna,1
poisonous,1
muzzled,1
physician,1
paeeon,1
wills,1
exploits,1
bruises,1
enemy’s,1
menial,1
betray,1
yearn,1
deficient,1
displayed,1
pat,1
mimicked,1
wives—diomed,1
hundreds,1
noon,1
corpse,1
flashed,1
yourself—stay,1
chalice,1
contented,1
adorn,1
stables,1
kingdom,1
thrives,1
racecourses,1
“shows,1
yearling,1
freemen,1
bondsmen—for,1
oblige,1
captain—or,1
schemes,1
softly,1
“medon,1
them—never,1
harshly,1
anybody,1
anybody—which,1
gratitude,1
now—may,1
frustrate,1
design,1
utterance,1
“whether,1
impulse,1
downstairs,1
transport,1
appeased,1
breathes,1
mane,1
backed,1
dragon,1
leopard,1
‘which,1
snaring,1
embarking,1
“‘son,1
‘why,1
battle—you,1
hatred,1
boasting,1
drown,1
headlong,1
“‘your,1
thyestes,1
“‘now,1
falls,1
watchman,1
warriors,1
unsuspicious,1
shambles,1
aegisthus’,1
writhing,1
‘son,1
beforehand,1
“‘the,1
‘is,1
elysian,1
reigns,1
easier,1
elysium,1
aegae,1
floated,1
staring,1
”63,1
discuss,1
inconvenience,1
departing,1
selves,1
solitary,1
stumble,1
”62,1
afflicted,1
sup,1
stomach,1
thrusts,1
dire,1
bids,1
replenishing,1
relate,1
petition,1
‘the,1
desolate,1
provisioned,1
coast—and,1
shores,1
westering,1
daughter’s,1
person—for,1
apt,1
thoughtless,1
irritable,1
sleep64,1
place—and,1
distressing,1
elder,1
visible,1
alcinous’,1
are60,1
bridegroom,1
disputes,1
marathon59,1
erechtheus,1
pondered,1
paused,1
cornice,1
enamel,1
lintel,1
mastiffs,1
consummate,1
coverings,1
figures,1
pedestals,1
shuttles,1
miraculous,1
fluttering,1
aspen,1
intelligent,1
trees—pears,1
growth,1
fruits,1
rot,1
crop,1
raisins,1
trodden,1
tubs,1
blossom,1
town’s,1
splendours,1
alcinous—the,1
beautified,1
stirring,1
athlete,1
excels,1
powerfully,1
competitions,1
banish,1
“laodamas,1
taunt,1
cares,1
contests,1
unskilled,1
grasping,1
merchants,1
outward,1
freights,1
cargoes,1
fellow—so,1
excelled,1
charms,1
crowned,1
judged,1
mistaken,1
exercises,1
taunts,1
stung,1
massive,1
swinging,1
humming,1
gracefully,1
groping,1
it—it,1
pleasantly,1
alcinous’s,1
wrestling,1
impress,1
accompaniment,1
favourably,1
trials,1
speeding,1
sea—one,1
voyage—and,1
smartest,1
entertaining,1
multitudes,1
eyesight,1
feats,1
quarrelling,1
oracle,1
wiped,1
minstrelsy,1
boxers,1
competed,1
jumpers,1
competitors,1
acroneos,1
ocyalus,1
nauteus,1
prymneus,1
eretmeus,1
ponteus,1
thoon,1
anabesineus,1
polyneus,1
tecton,1
naubolus,1
halios,1
“neptune,1
boot,1
eurymedon,1
peacefulness,1
seed,1
phaeacians—a,1
hypereia,1
hie,1
furtherance,1
dymas’s,1
girl’s,1
bedside,1
lazy,1
disorder,1
girdles,1
pleasanter,1
walking,1
abides,1
illumined,1
neighbor,1
fireside,1
“papa,1
meetings,1
harnessed,1
clattered,1
flagging,1
unharnessed,1
vied,1
treading,1
shingle,1
veils,1
huntress,1
erymanthus,1
hunt,1
brand,1
about—enough,1
bolder,1
stilled,1
eagerly,1
water—which,1
smashed,1
sea—tearing,1
suckers,1
polypus,1
plucks,1
it—even,1
destiny,1
seaward,1
aslant,1
prayerfully,1
cling,1
riverhood,1
completely,1
litter,1
swollen,1
breathe,1
swooning,1
exhaustion,1
scarf,1
salt54,1
damp,1
me—for,1
night’s,1
stock—the,1
ungrafted,1
sucker,1
grafted,1
squally,1
eclipse,1
loveliest,1
bevy,1
dedicated,1
scrubbed,1
enriches,1
it—and,1
gazed,1
introduce,1
briskly,1
market,1
bedded,1
archers,1
gossip,1
sailor,1
disparaging,1
remark,1
scandalised,1
firelight,1
beauties,1
leans,1
topes,1
plied,1
wrecking,1
endeavors,1
reception,1
brothers—comely,1
gods—gathered,1
entering,1
pitcher,1
“yes,1
abide,1
glide,1
palisade,1
strip56,1
calling,1
juts,1
land’s,1
outshine,1
haunt,1
springs,1
bush,1
bough,1
nakedness,1
stalks,1
defying,1
glare,1
prowls,1
famished,1
sheep—even,1
unkempt,1
persuasive,1
implore,1
aid—but,1
conjecture,1
mother—thrice,1
sisters,1
scion,1
palm,1
delos,1
apollo—for,1
desire—husband,1
peaceful,1
discomfits,1
accounting,1
vested,1
robber,1
granted,1
supporters,1
divinely,1
bartholomew,1
index,1
revised,1
reduction,1
shorten,1
various,1
corrections,1
additions,1
reduce,1
abridged,1
occurs,1
interval,1
publication,1
invaluable,1
t,1
library,1
corrected—no,1
donald,1
trinity,1
college,1
cordial,1
exercised,1
checking,1
correcting,1
quotations,1
shepherded,1
h,1
r,1
century,1
student,1
cary’s,1
edit,1
errors,1
streatham,1
adhering,1
535,1
writing,1
semblance,1
unity,1
spend,1
climax,1
sixteen,1
substantially,1
unimportant,1
leipsic,1
teubner,1
894,1
comma,1
stops,1
conservatism,1
obvious,1
preferred,1
beginnings,1
supposition,1
inadvertence,1
_july_,1
simultaneously,1
genesis,1
uniform,1
fortunately,1
alterations,1
rearrangements,1
enumerated,1
reprints,1
misprints,1
school,1
bloomsbury,1
morning—lay,1
purse,1
visitor,1
draughts,1
cleaning,1
vexed,1
admittance,1
“welcome,1
partaken,1
damask,1
annoyed,1
manservant,1
compelled,1
perforce,1
cheap,1
powder,1
temesa4,1
quells,1
rheithron5,1
pottering,1
assure,1
resource,1
“tells,1
estates,1
family—for,1
guests—how,1
atrociously,1
riot,1
disgust,1
lances,1
rascally,1
mermerus,1
ranks,1
wherewith,1
henry,1
whatsoever,1
festing,1
jones,1
maida,1
vale,1
w,1
4th,1
_december_,1
1921,1
council—minerva’s,1
ithaca—the,1
ingenious,1
manners,1
customs,1
oh,1
persecuted,1
father—for,1
world’s,1
halves,1
sire,1
unrighteously,1
bleeds,1
lonely,1
columns,1
blandishment,1
chimneys,1
capable,1
thoosa,1
torments,1
pacified,1
embolden,1
resumed,1
intermission,1
includes,1
explanatory,1
scholars,1
acquiesce,1
conclusions,1
incumbent,1
confine,1
465,1
473,1
repeated,1
vividly,1
accidental,1
developed,1
negative,1
reprinted,1
paragraphs,1
recommended,1
argument,1
study,1
views,1
translator,1
involves,1
exigencies,1
readable,1
construe,1
lang’s,1
learnt,1
yea,1
woes,1
striving,1
fools,1
devoured,1
pretending,1
endeavoured,1
distinct,1
unwieldy,1
homer,1
rendered,1
contents,1
al,1
professore,1
cav,1
biagio,1
ingroia,1
prezioso,1
alleato,1
l’autore,1
riconoscente,1
supplement,1
entitled,1
epitomised,1
october,1
solve,1
periplus,1
practically,1
via,1
arguments,1
startling,1
prominently,1
repeatedly,1
“athenaeum”,1
february,1
1892,1
urged,1
johnian,1
“eagle”,1
helios,1
whencesoever,1
hast,1
impugned,1
presses,1
render,1
printed,1
copy,1
underlined,1
discusses,1
arisen,1
wolf’s,1
reader’s,1
conclusion,1
only—that,1
750,1
—that,1
genuineness,1
admitted,1
thereof,1
homer—any,1
fails,1
inference,1
assigning,1
reputations,1
securing,1
puzzle,1
discovery,1
arise,1
disappear,1
development,1
understood,1
251,1
261,1
scholasticised,1
hopelessly,1
slightly,1
borrowed,1
unto,1
craving,1
godlike,1
howbeit,1
sundered,1
twain,1
uttermost,1
abiding,1
sinks,1
famed,1
‘lo,1
embassy,1
sighted,1
athene,1
‘o,1
cronides,1
suffereth,1
navel,1
therein,1
habitation,1
wizard,1
depths,1
guileful,1
forgetfulness,1
yearning,1
thine,1
regardeth,1
wast,1
wroth,1
rid,1
plead,1
discourse,1
hours,1
willingly,1
tapestries,1
succeeded,1
expectations,1
sunium,1
phrontis,1
steersman,1
menelaus’,1
malean,1
cydonians,1
iardanus,1
gortyn,1
alien,1
obedient,1
religious,1
batten,1
“forbid,1
ship—not,1
live—nor,1
cauconians,1
trito,1
“vouchsafe,1
browed,1
unbroken,1
jar,1
unmarried,1
marble,1
aforetime,1
rooms,1
sixth,1
upon—after,1
seagulls,1
visibly,1
tydeus,1
certify,1
privateering,1
there—ajax,1
subtlety—if,1
son—i,1
eyes—and,1
too—no,1
singleness,1
appease,1
bandying,1
we—the,1
half—embarked,1
smoothed,1
tenedos,1
course—for,1
flattery,1
psyra,1
mimas,1
soonest,1
geraestus,1
reports,1
poias,1
aegisthus—and,1
then—for,1
fellow—show,1
“honour,1
nobly,1
befall,1
voyaging,1
divined,1
manifested,1
yesterday’s,1
orestes’,1
tires,1
sweating,1
mangers,1
greeted,1
them39,1
gold—of,1
men—well,1
events,1
undergone,1
erembians,1
lamb,1
shockingly,1
perfidy,1
ruin41,1
mansion,1
risked,1
simpleton,1
legacy,1
yearned,1
vaulted,1
perfumed,1
adraste,1
alcippe,1
alcandra,1
wheels,1
spun,1
violet,1
coloured,1
guess,1
expression,1
modest,1
bustled,1
boethous,1
laerceus,1
toasted,1
logs,1
hammer,1
tongs,1
smith,1
gilded,1
pattern,1
bucket,1
lock,1
meal32,1
tendons,1
venerable,1
eurydice,1
eldest,1
clymenus,1
polycaste,1
“eteoneus,1
worthy,1
henchmen,1
“sons,1
provision,1
princes,1
swaying,1
story—meanwhile,1
menelaus36,1
clansmen,1
alector,1
bondwoman,1
tumblers,1
performing,1
hurrying,1
befell,1
import,1
gerene,1
readiness,1
ward,1
defend,1
consciences,1
themis,1
singlehanded18—unless,1
aiding,1
abetting,1
action,1
notices,1
”19,1
braggart,1
artful,1
messages,1
‘sweet,1
understand—‘send,1
purely,1
choice’,1
plaguing,1
score,1
rigorously,1
elect,1
circled,1
prophesy,1
prating,1
be—when,1
talks,1
worse—he,1
this—and,1
harassing,1
tormenting,1
utter,1
grievance,1
knight,1
brawling,1
praises,1
value—a,1
rapt,1
cloisters8,1
maiden,1
“phemius,1
poets,1
mourn,1
”9,1
latest,1
warmly,1
10—for,1
cloisters11,1
“shameless,1
lessons,1
convene,1
soothsayer,1
pleasuring,1
tower13,1
hied,1
blazing,1
resentment,1
shirt15,1
tidily,1
ithaca—speeches,1
suitors—telemachus,1
preparations,1
starts,1
criers,1
experience,1
tiptoe,1
expectation,1
perfection,1
guild,1
ship—which,1
tackle,1
encouragingly,1
caused,1
fuddle,1
drowsiness,1
stores,1
whistled,1
waves23,1
hoist,1
bellied,1
hissed,1
brim,1
sea24,1
meats25,1
treats,1
anchor,1
nervous,1
“dare,1
address,1
conversations,1
questioning,1
instinct,1
prompt,1
spits26,1
“offer,1
lifts,1
precedence,1
encirclest,1
carvers,1
sanction,1
worrying,1
to—you,1
meal—about,1
mentor20,1
naughtiness,1
wager,1
scandalous,1
on—which,1
leiocritus,1
oust,1
odds,1
all—which,1
stuff,1
likelihood,1
succeeding,1
discernment,1
undertaking,1
volunteers,1
flaying,1
singeing,1
eater,1
everything—a,1
boot—so,1
vain—though,1
tauntingly,1
youngster,1
“means,1
“perhaps,1
ripened,1
keeper,1
lids,1
sewn,1
bout,1
wrestle,1
prudent,1
deaths,1
rock104,1
bait,1
one—even,1
munch,1
den,1
sickening,1
fruitlessly,1
damage,1
squalls,1
unpropitious,1
behests,1
dances,1
belong,1
‘listen,1
famine,1
despairing,1
enrich,1
horned,1
grilled,1
square,1
accounts,1
shine,1
“‘sun,1
‘go,1
shining,1
shiver,1
wonders,1
crawled,1
abated,1
squall,1
fisherman,1
pounced,1
diving,1
longed,1
neaera,1
suckling,1
moorings,1
befriended,1
prophecies,1
favourable,1
ripple,1
whitened,1
kneaded,1
kneading,1
“‘come,1
‘renowned,1
song—and,1
musically,1
quickened,1
mud,1
sirens’,1
unbound,1
“immediately,1
exhorted,1
coxswain,1
steaming,1
rapids,1
huddle,1
disobey,1
instructions—i,1
strained,1
gloomy,1
vomited,1
deafening,1
snapped,1
backstay,1
spoils,1
rapid,1
hive,1
looms,1
purple—very,1
see—and,1
entrances,1
mysterious,1
passer,1
by116,1
disrespectfully,1
avoid,1
displease,1
escorting,1
recommend,1
astonish,1
rooted,1
storms,1
time118,1
him119,1
him—the,1
precipices,1
“among,1
chastise,1
coppers,1
bewailing,1
princely,1
mien,1
dew,1
watering,1
wiliness,1
orsilochus,1
bees,1
forgetful,1
“,1
individuals,1
bat,1
overshadowed,1
discharge,1
again—and,1
jury,1
cases,1
me—otherwise,1
“hence,1
stranded,1
choicest,1
valuables,1
acceptance,1
recoup,1
levy,1
adrift,1
pace,1
injure,1
rowers,1
steaks,1
grill,1
hasten,1
“henceforward,1
hawser,1
deathlike,1
bounded,1
prow,1
curvetted,1
stallion,1
falcon,1
swiftest,1
phaethusa,1
tended,1
god—seven,1
aloof—still,1
troy—could,1
supersede,1
scyros,1
unerring,1
battle—i,1
eurypylus,1
telephus,1
memnon,1
ceteians,1
bribes,1
quaking,1
horse—grasping,1
breathing,1
telamon,1
dispute,1
peleus—does,1
prisoners,1
judges,1
pacify,1
‘ajax,1
rankle,1
destruction—come,1
sentences,1
unbreakable,1
beaks,1
violated,1
panopeus,1
tantalus,1
lake,1
quench,1
phthia,1
wars,1
dam,1
after—even,1
dismissed,1
directions,1
‘king,1
‘noble,1
despatch,1
butchered,1
picnic,1
gorgeous,1
nobleman,1
reeking,1
cassandra,1
slut,1
murderess,1
welcomed,1
“‘be,1
death’s,1
joyful,1
heart—do,1
march,1
trusting,1
menelaus—for,1
‘agamemnon,1
goodliest,1
descendant,1
aeacus,1
‘achilles,1
champion,1
adored,1
prince,1
“‘say,1
thirst,1
stooped,1
ground—parched,1
thrusting,1
jason,1
“‘of,1
peak,1
foothold,1
stoutest,1
yelps,1
one—not,1
god—could,1
terror,1
mis,1
shapen,1
frightful,1
crunch,1
cell,1
peering,1
head—pears,1
dolphins,1
dogfish,1
teems,1
leaf101,1
vomit,1
sucks,1
“‘is,1
escaping,1
invincible,1
dawdle,1
snap,1
lustily,1
crataiis,1
scylla’s,1
piloted,1
aetes,1
argo,1
wreckage,1
branches,1
sisyphus,1
endless,1
stone98,1
push,1
hebe,1
whithers,1
gleaming,1
infinity,1
bondsman,1
me—a,1
hound—for,1
seen—theseus,1
pirithous—glorious,1
appalling,1
gorgon,1
hastened,1
embarked,1
reclined,1
“‘so,1
you—heaven,1
recollection,1
enchant,1
unwarily,1
warble,1
coherent,1
directions100,1
alternatives,1
timid,1
runner,1
loyally,1
time—go,1
increasing,1
nudged,1
“‘keep,1
‘or,1
thoas,1
andraemon,1
satisfactory,1
shake,1
goatskins,1
extraordinarily,1
equipped,1
camping,1
summons,1
lacedaemon—he,1
ithaca—on,1
are—they,1
rime,1
strait128,1
protects,1
heel,1
rouse,1
”129,1
detain,1
cheaper,1
tour,1
something—a,1
stolen,1
selected,1
dresses,1
enriched,1
embroidery,1
carelessly,1
coated,1
carved,1
billet,1
door—for,1
awhile,1
arrival,1
aetolian,1
refitting,1
damaged,1
pitying,1
unbelieving,1
“both,1
savoury,1
toll,1
reap,1
pig’s,1
clubbed,1
stunned,1
frost,1
dresser,1
maia,1
slices,1
lengthways,1
especial,1
“eat,1
withholds,1
chuckle,1
unspoken,1
crouched,1
reeds,1
swamp,1
freeze,1
hoar,1
glittered,1
pledged,1
vassal,1
arybas,1
“laertes,1
end133,1
dowry,1
pillaged,1
tending,1
recalling,1
dearth,1
plagued,1
ctesius,1
ormenus,1
comparable,1
gewgaws,1
resist,1
sidon,1
owns,1
tidy,1
‘would,1
‘hush,1
buy,1
funny,1
freight,1
admiring,1
bargaining,1
alighting,1
sundry,1
mooring,1
repair,1
to—i,1
estimation,1
persistent,1
anybody’s,1
services,1
yard—and,1
amphilochus,1
“tell,1
revenge—if,1
vows,1
swayed,1
loath,1
“pisistratus,1
warmth,1
obstinate,1
pylians,1
“get,1
owned,1
phylacus,1
erinys,1
alcmaeon,1
aurora,1
chop,1
beauty’s,1
quarrelled,1
hyperesia,1
“friend,1
“am,1
wanderer,1
pursuit,1
theoclymenus’,1
crouni,1
chalcis,1
pheae,1
blessing,1
handy,1
should—to,1
slid,1
undid,1
nightfall,1
sling,1
disguising,1
clothe,1
blear,1
affected,1
raven124,1
arethusa,1
fattening,1
beechmast,1
”125,1
“never,1
withered,1
bleared,1
rag,1
tunic,1
track,1
“trust,1
thrifty,1
spacious126,1
thorn,1
bushes,1
oaken,1
wallowing,1
stye,1
herdsman’s,1
sandals127,1
herding,1
worries,1
shaggy,1
chamois,1
skin—a,1
bespatter,1
brow,1
clouts,1
forgave,1
independent,1
owners,1
sidonia,1
antagonist,1
unwearying,1
deceit,1
falsehood,1
occasion—you,1
orator,1
diplomacy,1
minerva—me,1
us—from,1
wander,1
exploited,1
acceptable,1
diadem,1
“naiad,1
salutations,1
rejoined,1
stowing,1
therewith,1
safest,1
consulted,1
“noble,1
disreputable,1
lording,1
lament,1
messages123,1
timely,1
troy’s,1
one—on,1
poorer,1
own—a,1
apace,1
concubine,1
hylax,1
wedlock,1
shares,1
enabled,1
bragging,1
shirking,1
frugal,1
javelins,1
arrows—things,1
shudder,1
amassed,1
instance,1
allotted,1
expedition,1
allows,1
required,1
devised,1
manned,1
captive,1
thus—and,1
ashen,1
rascal,1
committed,1
charging,1
all—for,1
fatigue,1
acastus,1
selling,1
stripped,1
purchased,1
finishing,1
come—for,1
professed,1
prospered,1
utterly,1
penned,1
dish,1
servant’s,1
scruple,1
shameful,1
doings,1
freebooters,1
raiding,1
spoil—even,1
conscience,1
stint,1
victim,1
droves,1
hired,1
widely,1
picking,1
lodging,1
falsehoods,1
friends—for,1
reverence,1
positive,1
lets,1
poverty,1
tempt,1
reminding,1
speaks,1
unsettling,1
sadder,1
evenings,1
host’s,1
shoo,1
shunning,1
‘neptune,1
‘sent,1
clutch,1
gobbled,1
uneaten,1
neat,1
reflected,1
sobbing,1
clutched,1
morning’s,1
again—as,1
clapping,1
‘shoo,1
oared,1
travellers,1
merchant,1
evenly,1
proceeded,1
charring,1
cave—this,1
“‘look,1
ramping,1
raving,1
intolerably,1
drain,1
‘then,1
noman’s,1
sprawling,1
gobbets,1
avenger,1
excellency,1
faint,1
value—seven,1
mass,1
breakers,1
dividing,1
‘all,1
cliff,1
overhung,1
laurels,1
outlaw,1
resembling,1
crag,1
goatskin,1
maron,1
euanthes,1
patron,1
flavour,1
stress,1
fragrance,1
misgave,1
stock,1
racks,1
hoggets,1
ones80,1
dairy,1
pails,1
males,1
cave—so,1
waggons,1
curdled,1
strainers,1
“‘strangers,1
gorging,1
glowing,1
lusty,1
telemus,1
lag,1
ram’s,1
freed,1
heading,1
hush,1
aboard,1
jeer,1
“‘cyclops,1
pole,1
“‘do,1
provoke,1
pounded,1
jelly,1
spoiled,1
eurymus,1
mead,1
superhuman,1
insignificant,1
weakling,1
journey—for,1
heal,1
cure,1
‘hear,1
’82,1
swung,1
extra,1
destroy,1
laestrygones,1
hippotas,1
floats,1
bubbling,1
flowery,1
boring,1
quarters,1
auger,1
bubbled,1
eyeball,1
scalded,1
sputtered,1
blacksmith,1
plunges,1
hatchet,1
temper,1
iron—and,1
yells,1
plucked,1
frenzy,1
bleak,1
“‘what,1
mob,1
‘that,1
stillness,1
‘noman,1
“‘then,1
success,1
puzzling,1
depends,1
noiselessly,1
threes,1
withies,1
esconced,1
udders,1
backs,1
wont,1
anchors,1
harvest,1
colonised,1
bathed,1
inextinguishable,1
“ill,1
confound,1
limping,1
“messenger,1
chains—and,1
imploring,1
“ask,1
security,1
enforce,1
debts,1
“vulcan,1
thrace,1
paphos,1
seafaring,1
givers,1
halius,1
stamping,1
nimblest,1
contribute,1
lump,1
hilt,1
scabbard,1
newly,1
fits,1
donors,1
packing,1
goblet—which,1
workmanship—that,1
reminded,1
roared,1
bringer,1
shipwrights,1
nimbly,1
game,1
alongside,1
oechalian—men,1
prematurely,1
challenged,1
farther,1
apprehend,1
hereditary,1
aptitude,1
boxing,1
changes,1
minstrels,1
stewards,1
connected,1
twinkling,1
honest,1
intrigue,1
defiled,1
forge,1
festooned,1
ceiling,1
subtle,1
sintians,1
barbarous,1
scout,1
passion,1
vestibule,1
ridiculous,1
cripple—but,1
repaid,1
”70,1
sticks,1
flame,1
array,1
fills,1
rekindle,1
conclude,1
“firstly,1
outlive,1
renowned,1
ascends,1
forests,1
another—dulichium,1
squat,1
dearer,1
hazardous,1
booty,1
occasion,1
waxed,1
owe,1
invoked,1
tatters,1
doubling,1
cythera,1
munching,1
lotus77,1
inhuman,1
providence,1
tillage,1
laws,1
sportsmen—who,1
precipices—do,1
untilled,1
unsown,1
bearer,1
lotophagi,1
story—,1
comrade—for,1
ransom,1
angel,1
teaches,1
“demodocus,1
fort,1
freighting,1
tents,1
propitiation,1
issued,1
overran,1
weeps,1
bravely,1
screams,1
flings,1
slavery,1
fades,1
cheeks—even,1
sobs,1
moderate,1
polite,1
absolutely,1
pilots,1
rudders,1
traverse,1
cities—who,1
hostile,1
kinsman,1
law—which,1
relations,1
girds,1
conceivable,1
practiced,1
’93,1
gentle,1
eternity,1
intends,1
‘your,1
spends,1
undisturbed,1
largely,1
invites,1
sleeps,1
suffers,1
swiftly,1
painlessly,1
affection,1
you—this,1
embracing,1
“‘mother,1
‘mother,1
sharing,1
‘most,1
beguiling,1
sinews,1
fierceness,1
consuming,1
flits,1
severally,1
questioned,1
salmoneus,1
enipeus,1
lover,1
arched,1
series,1
“‘that,1
‘tyro,1
throats,1
breadth,1
depth,1
water—sprinkling,1
voyage—what,1
stages,1
“even,1
cool,1
forgot,1
comings,1
cimmerians,1
enshrouded,1
thirdly,1
earnestly,1
promising,1
erebus—brides,1
‘must,1
‘elpenor,1
“‘sir,1
groan,1
unspeakable,1
limbo,1
unlucky,1
messmates,1
anticlea,1
sheathed,1
‘about,1
nurses,1
overrun,1
’91,1
“‘this,1
virgin,1
embraces,1
luxury,1
procris,1
pollux,1
dispensation,1
iphimedeia,1
aloeus,1
boasted,1
otus,1
ephialtes,1
excepted,1
fathoms,1
measured,1
cubits,1
pelion,1
scale,1
phaedra,1
ariadne,1
tyndarus,1
theseus,1
dia,1
maera,1
clymene,1
eriphyle,1
august,1
decision,1
ultimately,1
redound,1
beloved,1
“not,1
charlatan,1
swindler,1
assures,1
breaker,1
leda,1
twins,1
creon,1
breeder,1
iolcus,1
namely,1
aeson,1
pheres,1
amythaon,1
charioteer,1
“next,1
antiope,1
asopus,1
boast,1
walled,1
indomitable,1
megara,1
oedipodes,1
expounded,1
proclaimed,1
jailor,1
spirits,1
outraged,1
mother—to,1
ruing,1
chloris,1
priceless,1
minyan,1
chromius,1
periclymenus,1
marvellously,1
pero,1
rangers,1
dig,1
acheron,1
styx,1
companies,1
perse,1
discover,1
handiwork,1
climbing,1
espied,1
solitude,1
antlered,1
steadying,1
cheeringly,1
‘look,1
starve,1
sets,1
“their,1
ogre,1
prowling,1
lives—a,1
it—poor,1
bewitched,1
tamed,1
enchantments,1
tails,1
rubbed,1
noses,1
lovingly,1
dinner—for,1
something—even,1
claws,1
goddess’s,1
dazzling,1
colours,1
aeetes—for,1
crunching,1
branch,1
sorrowfully,1
atmosphere,1
savour,1
roasting,1
groans,1
bedsteads,1
“aeolus,1
sack—for,1
thread,1
“nine,1
‘bless,1
with—and,1
quick—let,1
howling,1
dined,1
movingly,1
quarter—ogres,1
‘vilest,1
abhorred,1
stronghold,1
lamus—telepylus,1
salutes,1
answers,1
wages,1
herdsman,1
locked,1
attendant,1
artacia,1
giantess,1
horrified,1
hue,1
polites,1
trusted,1
pramnian,1
travels,1
refusing,1
hogs,1
halloa,1
ballooing,1
blubbering,1
frisking,1
gambol,1
affectionate,1
comfortingly,1
relation,1
interceded,1
reprimand,1
weakened,1
hardships,1
cheerfulness,1
poisons,1
twelvemonth,1
‘please,1
furthering,1
unshaken,1
flit,1
aimlessly,1
voyage—for,1
‘raise,1
traversed,1
proserpine’s,1
willows,1
untimely,1
pyriphlegethon,1
cocytus,1
gnawing,1
dumb,1
moody,1
heeding,1
pigs—head,1
grunted,1
acorns,1
beech,1
sob,1
“‘we,1
shew,1
‘eating,1
urgently,1
enchantress,1
pigstyes,1
lairs,1
talisman,1
“‘and,1
witchcraft,1
spells,1
moly,1
uproot,1
her—much,1
charming,1
drugs,1
sheathe,1
housemaids,1
fountains,1
carpet,1
boil,1
tire,1
stiffness,1
arrayed,1
“guileless”—he,1
